"","plot_yr_quad","AIRCAR_","AVEBAR_","BRADIS_","BRODIA_","BROHOR_","BROMAD_","CARPYC_","CENMEL_","CERGLO_","EROBOT_","EROCIC_","EROMOS_","FESBRO_","FESMYU_","GALMUR_","GALPAR_","GASPHL_","GERDIS_","GERMOL_","HYPGLA_","LACSER_","LOGGAL_","LYSARV_","MEDPOL_","SENVUL_","SILGAL_","SILMAR_","SONASP_","SONOLE_","STEMED_","TORARV_","TORNOD_","TRIHIR_"
"1","CCC010_2021 Q1",0,2,0,0,0,0,0,0,0,0,0,0,0,21,0,0,0,0,0,0,0,0,0,0,0,0,0,0,0,0,0,0,0
"2","CCC010_2021 Q2",0,0,0,0,0,0.1,0,0,0,0,0,0,0,3,0,0,0.3,0,0,0,0,0,0,0,0,0,0,0,0,0,0,0,0
"3","CCC010_2021 Q3",0.3,0,0,0,0,0,0,0,0,0,0,0,0,7,0,0,0,0,0,0,0,0,0,0,0,0,0,0,0,0,0,0,0
"4","CCC010_2021 Q4",0,0,0,0,0,0.3,0,0,0,0,2,0,0,6,0,0,0,0,0,0,0.3,0,0,0,0,0,0,0,0,0,0.5,0,0
"5","CCC010_2021 Q5",0.1,0,0,0,0,0.1,0,0,0,0,0,0,0,2.5,0,0,0.5,0,0,0,0,0.1,0,0,0,0,0,0,0,0,0.1,0,0
"6","QUA022_2022 Q1",0,40,0,0,0,0,0,0,0,0,0,0,0,0,0,3,0,0,0,0,0,0,0,0,0,0,0,0,0,0,0,1.5,0
"7","QUA022_2022 Q2",0,0.2,0,0,1,0,0,0,0,0,0,0,0,4,0,0.1,0,0,0,0,0,0,0,0,0,0,0,0,0,0,0,0,0
"8","QUA022_2022 Q3",1.5,4,0,0,4,6,0,0,0,0,0,0,0,30,0,0,0,0,3.5,0,2,3,0,1.5,0,0,0,0,0,0,0,1.9,0
"9","QUA022_2022 Q4",0,0,0,0,0,0,0,0,0,0,20,0,0,40,0,0,0,0,2,4,0,0,0,0,0,0,0,0,0,0,0,0,0
"10","QUA022_2022 Q5",0,8,0,6,10,0,6,3,0,0,0,0,0,40,0,0,0,0,0,2,0,0.2,0.5,0,0.3,0,0,0,1.5,0,0,1.5,0
"11","QUA015_2021 Q1",0,0,6,0,0.05,0,0,0.05,0,0,1,0,0,1,0,0,0,0,0,0,0,0,0,0,0,0,0,0,0,0,0,0,0
"12","QUA015_2021 Q2",0,0,10,0,0,0,0,0,0,0,0,0,0,0,0,0,2,0,0,0,0,1,5,0,0,0,0,0,0,0,0,0,0
"13","QUA015_2021 Q3",0,0,0,0,0,0,0,0,0,0,0,0,0,0,0,0,0,0,0,0,0,0,0,0,0,0,0,0,0,0,0,0,0
"14","QUA015_2021 Q4",0,0,0,0,0,0,0,0,0,0,0,0,0,0,0,0,0,0,0,0,0,0,0,0,0,0,0,0,0,0,0,0,0
"15","QUA015_2021 Q5",0,0,0,0,0,0,0,0,0,0,0,0,0,0,0,0,0,0,0,0,0,0,0,0,0,0,0,0,0,0,0,0,0
"16","COL013_2021 Q1",0,10,0.05,0,0,5,0,5,0,0,5,0,0,0,0,0,0.5,0,0,0,0,0,0,0,0,0,0,0,0,0,0,0,0
"17","COL013_2021 Q2",0,1,0,0,0,15,0,15,0,0,3,0,0,0,0,0,0,0,0,0,0,0,0,0,0,0,0,0,0,0,0,0,0
"18","COL013_2021 Q3",0,2,1,0,0,2,0,1,0,0,4,0,0,0,0,0,0,0,0,0,0,0,0,0,0,0,0,0,0,0,0,0,0
"19","COL013_2021 Q4",0,0,0,0,0,0,0,3,0,0,5,0,0,0,0,0,0,0,0,0,0,0,0,0,0,0,0,0,0,0,0,0,0
"20","COL013_2021 Q5",0,0,0,0,5,0,0,2,0,0,15,0,0,0,0,0,0,0,0,0,0,0,0,0,0,0,0,0,0,0,0,0,0
"21","COL018_2021 Q1",0,15,0,0,0,0,0,0,0,0,2,0,0,0.1,0,0,0,0,0,0,0,0,0,0,0,0,0,0,0,0,0,0,0
"22","COL018_2021 Q2",0,3,0,0,0,4,0,0,0,0,3,0,0,0,0,0,0,0,0,0,0,0,0.1,0,0,0,0,0,0,0,0,0,0
"23","COL018_2021 Q3",0,2,0,0,0,0,0,0,0,0,0.5,0,0,0,0,0,0,0,0,0,0,0.1,0,0,0,0,0,0,0,0,0,0,0
"24","COL018_2021 Q4",0,15,4,0,0,7,0,0,0,0,0,0,0,0,0,0,0,0,0,0,0,0.2,0,0,0,0,0,0,0,0,0,0,0
"25","COL018_2021 Q5",0,0,10,0,0,0,0,0,0,0,0,0,0,0,0,0,0,0,0,0,0,0,0,0,0.2,0,0,0,0,0,0,0,0
"26","QUA003_2021 Q1",0,4,0,0,0,0,0,1.5,0,0,0,0,0,0,0,0,0,0,0,0,0,0,0,0,0,0,0,0,0,0,0,0,0
"27","QUA003_2021 Q2",0,3,0,0,0,0,0,1,0,0,0,0,0,0,0,0,0,0,0,0,0,0,0,0,0,0,0,0,0,0,0,0,0
"28","QUA003_2021 Q3",0,0,0,0,0,0,0,0,0,0,0,0,0,0,0,0,0,0,0,0,0,0,0,0,0,0,0,0,0,0,0,0,0
"29","QUA003_2021 Q4",0,0.05,0,0,0,0,0,0,0,0,0,0,0,0,0,0,0,0,0,0,0,0,0,0,0,0,0,0,0,0,0,0,0
"30","QUA003_2021 Q5",0,0,0,0,0,0,0,0,0,0,0,0,0,0,0,0,0,0,0,0,0,0,0.05,0,0,0,0,0,0,0,0,0,0
"31","COL012_2022 Q1",0,2,0,0,0,65,0,0,0,0,5,0,0,70,0,0,0,0,0,0.1,0,0,0,0,0,0,0,0,0,0,0,0,0
"32","COL012_2022 Q2",0,0,0,0,0,5,0,2,0,0,15,0,0,70,0,0,0,0,0,4,0,0,0,0,0,0,0,0,0,0,0,0,0
"33","COL012_2022 Q3",0,0,0,0,0,0.1,0,0,0,0,33,0,0,70,0,0,0,0,0,3,0,0,0,0,0,0,0,0,0,0,0,0,0
"34","COL012_2022 Q4",0,0,0,0,0,2,0,0,0,0,7,0,0,10,0,0,0,0,0,0,0,0,0,0,0,0,0,0,2.5,0,0,0,0
"35","COL012_2022 Q5",0,0.2,0,0,0,40,0,0,0,0,0,0,0,80,0,0,0,0,0,0,0,0.1,0,0,0,0,0,0,0,0,0,0,0
"36","COL017_2021 Q1",0,0,0,0,0,6,0,10,0,0,1,0,0,0,0,0,0,0,0,0,0,0,0,0,0,0,0,0,0,0,0,0,0
"37","COL017_2021 Q2",0,2,0,0,0,5,0,0,0,0,0,0,0,0,0,0,0,0,0,0,0,0,0,0,0,0,0,0,0,0,0,0,0
"38","COL017_2021 Q3",0,2,0,0,0,5,0,0.1,0,0,0,0,0,0,0,0,0,0,0,0,0,0,0,0,0,0,0,0,0,0,0,0,0
"39","COL017_2021 Q4",0,0.05,0,0,0,0.05,0,0.05,0,0,0,0,0,0,0,0,0,0,0,0,0,0,0,0,0,0,0,0,0,0,0,0,0
"40","COL017_2021 Q5",0,0.5,0,0,5,0.05,0,0.05,0,0,0.05,0,0,0.05,0,0,0,0,0,0.1,0,0,0,0,0,0,0,0,0,0,0,0,0
"41","BOB004_2021 Q1",0,0,0,0,0,0.1,0,0,0,0,1,0,0,0,0,0,0,0,0,3.5,0,0.9,0,0,0,0,0,0,0,0,0,0,0
"42","BOB004_2021 Q2",0,2,0,0,0,2.5,0,0,0,0,27,0,0,0.5,0,0,2,0,0,3,0,1.3,0,0,0,0,0,0,0,0,0,0,0
"43","BOB004_2021 Q3",0,1,0,0,0,1.5,0,0,0,0,10,0,0,0,0,0,0,0,0,3,0,3.2,0,0,0,0,0,0,0,0,0,0,0
"44","BOB004_2021 Q4",0,0,0,0,0,1,0,0,0,0,0.2,0,0,0,0,0,0.1,0,0,6.5,0,0.8,0,0,0.1,0,0,0,0,0,0,0,0
"45","BOB004_2021 Q5",0,0.5,0,0,0,0.8,0,0,0,0,7,0,0,0,0,0,0,0,0,2.8,0,2,0,0,0,0,0,0,0,0,0,0,0
"46","BOB006_2021 Q1",0,8,0,0,0.1,6,0,0,0,34,0,0,0,0,0,0,0,0,0,0,0,0,0,0,0,0,0,0,0,0,0,0,0.4
"47","BOB006_2021 Q2",0,2,0,0,0,0.2,0,0,0,40,0,0,0,0,0,0,0,0,0,0,0,0,0,0,0,0.1,0,0,0,0,0,0,0.2
"48","BOB006_2021 Q3",0,4,0,0,0,0.1,0,0,0,28,0,0,0,0.5,0,0,0,0,0,0.2,0,0,0,0,0,0.1,0,0,0,0,0,0,0.8
"49","BOB006_2021 Q4",0,1,0,0,0.2,0.1,0,0.4,0,22,0,0,0,1.5,0,0,0,0,0,0.3,0,0.1,0,0,0,0.1,0,0,0,0,0,0,0.7
"50","BOB006_2021 Q5",0,1,0,0,0,0.3,0,4,0,9,0.3,0,0,22,0,0,0,0,0,0.1,0,0,0,0,0,0.2,0,0,0,0,0,0,2.5
"51","BOB009_2022 Q1",0,0,0,0,0,1,0,2,0,0,30,0,0,20,0,0,0,0,0,0.05,0,1,0,0,0,0,0.05,0,0,0,0,0,0
"52","BOB009_2022 Q2",0,0,0,0,0,0.05,0,20,0,0,15,0,0,0.05,0,0,0,0,0,1,0,0,0,0,0,0,0,0,0,0,0,0,0.05
"53","BOB009_2022 Q3",0,1.5,0,0,0,1,0,55,0,0,15,0,0,0,0,0,0,0,0,0,0,0,0,0,0.05,0,0.5,0,0,0,0,0,1
"54","BOB009_2022 Q4",0,4,0,0,0,3,0,6,0,0,10,0,0,8,0,0,0,0,0,0,0,0,0,0,0,0,0,0,0,0,0,0,0
"55","BOB009_2022 Q5",0,1,0,0,0,11,0,1,0,0,7,0,0,0.05,0,0,0,0,0,0,0,0,0,0,0,0,0,0,0,0,0,0,0
"56","CCC001_2021 Q1",0,0,0,0,0,0,0,0,0,0,0,0,0,0,0,0,0,0,0,0,0,0,0,0,0,0,0,0,0,0,0,0,0
"57","CCC001_2021 Q2",0,0,0,0,0,0,0,0,0,0,0,0,0,0,0,0,0,0,0,0,0,0,0,0,0,0,0,0,0,0,0,0,0
"58","CCC001_2021 Q3",0,0,0,0,0,0,0,0,0,0,0,0,0,0,0,0,0,0,0,0,0,0,0,0,0,0,0,0,0,0,0.6,0,0
"59","CCC001_2021 Q4",0,0,0,0,0,0,0,0,0,0,0,0,0,0,0,0,0,0,0,0,0,0,0,0,0,0,0,0,0,0,0,0,0
"60","CCC001_2021 Q5",0,2.5,0,0,0,0.2,0,0,0,0,0,0,0,0.5,0,0,0,0,0,0,0,0,0,0,0,0,0,0,0,0,0,0.3,0
"61","BOB006_2022 Q1",0,1.5,0,0,0,1,0,0,0,0,60,0,0,0,0,0,0,0,0,0,0,0,0,0,0,0,0,0,0,0,0,0,2.5
"62","BOB006_2022 Q2",0,0.5,0,0,0,1,0,0,0,0,60,0,0,0,0,0,0,0,0,0,0,0,0,0,0,0,0,0,0,0,0,0,2
"63","BOB006_2022 Q3",0,0.5,0,0,0,0.5,0,0,0,0,50,0,0,0,0,0,0,0,0,0,0,0,0,0,0,0,0,0,0,0,0,0,0
"64","BOB006_2022 Q4",0,0.5,0,0,0,5,0,0.1,0,0,10,0,0,10,0,0,0,0,0,0.05,0,0.1,0,0,0,0,0,0,0,0,0,0,0.1
"65","BOB006_2022 Q5",0,3,0,0,0,1,0,1,0,0,15,0,0,10,0,0,0,0,0,0.1,0,0,0,0,0,0.1,0,0,0,0,0,0,0
"66","CCC009_2021 Q1",0,0,0,0,0,0,0,2.8,0,0,7,0,0,0,0,0,0,0,0,0,0,0,0,0,0,0.4,0,0,0,0,0,0,0
"67","CCC009_2021 Q2",0,9,0,0,0,0,0,0.7,0,0,3,0,0,0,0,0,0,0,0,0,0,0,0,0,0,1,0,0,0,0,0,0,0
"68","CCC009_2021 Q3",0,0,0,0,0,0,0,0,0,0,10,0,0,0,0,0,0,0,0,0,0,0,0,0,0,0,0,0,0,0,0,0,0
"69","CCC009_2021 Q4",0,2,0,0,0,0,0,0.6,0,0,6,0,0,0,0,0,0,0,0,0,0,0,0,0,0,0,0,0,0,0,0,0,0
"70","CCC009_2021 Q5",0,3,0,0,0,1.3,0,0.4,0,0,9,0,0,0,0,0,0,0,0,0,0,0,0,0,0,0,0,0,0,0,0,0,0
"71","COL007_2022 Q1",0,8,0,0,0,3,0,15,0,0,0.2,0,0,70,0,0,0,0,0,0,0,0,0,0,0,0,0,0,0,0,0,0,0
"72","COL007_2022 Q2",0,12,0,0,0,0,0,25,0,0,0,0,0,30,0,0,0,0,0,0,0,0,0,0,0,0,0,0,0,0,0,0,0
"73","COL007_2022 Q3",0,3,0,0,0,1.1,0,20,0,0,5,0,0,0.5,0,0,0,0,0,0,0,0,0,0,0,0,0,0,0,0,0,0,0
"74","COL007_2022 Q4",0,5,15,0,0,0,0,6.5,0,0,0,0,0,0,0,0,0,0,0,0,0,0,0,0,0,0,0,0,0,0,0,0,0
"75","COL007_2022 Q5",0,3,0.1,0,0,0.2,0,0,0,0,0,0,0,2,0,0,0,0,0,0,0,0,0,0,0,0,0,0,0,0,0,0,0
"76","BOB010_2022 Q1",0,0,0,0,0,0.05,0,1,0,0,5,0,0,3,0,0,0,0,0,0,0,0,0,0,0,0,0,0,0,0,0,0,0
"77","BOB010_2022 Q2",0,0.05,0,0,0,1,0,1.5,0,0,10,0,0,0.05,0,0,0,0,0,0.4,0,0,0,0,0,0,0,0,0,0,0,0,0
"78","BOB010_2022 Q3",0,5,0,0,0,3,0,3,0,0,3,0,0,0.5,0,0,0,0,0,1,0,0,0,0,0,0,0,0,0,0,0,0,0
"79","BOB010_2022 Q4",0,5,0,0,0,0.1,0,1,0,0,4,0,0,2,0,0,0,0,0,0.1,0,0,0,0,0,0,0,0,0,0,0,0,0
"80","BOB010_2022 Q5",0,3,0,0,0,0.5,0,0.5,0,0,15,0,0,0.05,0,0,0,0,0,0,0,0,0,0,0,0,0,0,0,0,0,0,0
"81","BOB001_2021 Q1",0,0.5,0,0,0.1,0,0,0.5,0,0,10,0,0,11,0,0,0,0,0,0.1,0,0,0,0,0,0,0,0,0,0,0,0,0
"82","BOB001_2021 Q2",0,5,0,0,0,0.2,0,2,0,0,11,0,0,3,0,0,0,0,0,0.5,0,0,0,0,0,0,0,0,0,0,0,0,0
"83","BOB001_2021 Q3",0,1,0,0,0,1,0,2.5,0,0,20,0,0,19,0,0,0,0,0,0.5,0,0,0,0,0,0,0,0,0,0,0,0,0
"84","BOB001_2021 Q4",0,8,0,0,0.1,0.2,0,1.8,0,0.2,18,0,0,14,0,0,0,0,0,0.3,0,0,0,0,0,0,0,0,0,0,0,0,0
"85","BOB001_2021 Q5",0,3,0,0,0,0.1,0,0.4,0,0,12,0,0,8,0,0,0,0,0,0.2,0,0.4,0,0,0,0,0,0,0,0,0,0,0
"86","BOB019_2021 Q1",0,0,0,0,0.1,0,0,0.3,0,0,2.5,0,0,55,0,0,0.5,0,0,0,0,0.7,0,0.1,0,0.1,0,0,0,0,0,0,0
"87","BOB019_2021 Q2",0,35,0,0,0.1,2,2,1.3,0,0,0,0,0,45,0,0,0.2,0,0,2.2,0,0.5,0,0,0,0,0,0,0,0,0,0,8
"88","BOB019_2021 Q3",0,16,0,0,0,6,0.1,0.5,0.1,0,0,0,0,38,0,0,0.4,0,0,0,0,0.2,0,0,0,0,0,0,0,0,0.4,0,3.5
"89","BOB019_2021 Q4",0,18,0,0,0.2,0.8,0.1,0.2,0,0,0.1,0,0,10,0,0,0.3,0,0,0,0,0,0,0,0,0,0,0,0,0,0.4,0,0
"90","BOB019_2021 Q5",0,3,0,0,0.3,2,6.2,0.2,0,0,0,0,0,12,0,0,0,0,0,0,0,0,0,0,0,0,0,0,0,0,0,0,0
"91","QUA008_2022 Q1",0,0,0,0,0,0,0,0,0,0,10,0,0,0,0,0,0,0,0,0,0,0,0,0,0,0,0,0,0,0,0,0,0
"92","QUA008_2022 Q2",0,0,0,0,0,0,0,6,0,0,1.5,0,0,0,0,0,0,0,0,0,0,0,3,0,0,0,0,0,0,0,0,0,0
"93","QUA008_2022 Q3",0,0,0,0,0,0,0,5,0,0,1,0,0,0,0,0,0,0,0,0,0,0,0,0,0,0,0,0,0,0,0,0,0
"94","QUA008_2022 Q4",0,100,0,0,0.5,0,0,0,0,0,0,0,0,0,0,0,0,0,0,0,0,0,0,0,0,0,0,0,0,0,0,0,0
"95","QUA008_2022 Q5",0,4,0,0,0,0,0,0,0,0,3,0,0,0,0,0,0,0,0,0,0,0,0,0,0,0,0,0,0,0,0,0,0
"96","QUA003_2022 Q1",0,25,0,0,0,0,0,17,0,0,7,0,0,0,0,0,0,0,0,0,0,0,0,0,0,0,0,0,0,0,0,0,0
"97","QUA003_2022 Q2",0,25,0,0,0,0,0,5,0,0,7,0,0,0,0,0,0,0,0,0,0,0,0,0,0,0,0,0,0,0,0,0,0
"98","QUA003_2022 Q3",0,25,0,0,0,0,0,1,0,0,1,0,0,0,0,0,0,0,0,4,0,0,0,0,0,0,0,0,0,0,0,0,0
"99","QUA003_2022 Q4",0,0.1,0,0,0,0,0,1,0,0,4,0,0,0,0,0,0,0,0,0,0,0,0.1,0,0,0,0,0,0,0,0,0,0
"100","QUA003_2022 Q5",0,5,0,0,0,0,0,15,0,0,40,0,0,0,0,0,0,0,0,0,0,0,0,0,0,0,0,0,0,0,0,0,0
"101","CCC011_2022 Q1",0,35,0,0,0,1,0,0,0,0,3,0,0,6,0,0,0,0,0,0,0,0,0,0,0,0,0,0,0,0,0,0,0
"102","CCC011_2022 Q2",0,40,0,0,0,0,0,0,0,0,3,0,0,0,0,0.1,0,0,0,0,0,0,0,0,0,0,0,0,0,0,0,1,0
"103","CCC011_2022 Q3",0,6,0,0,2,1.1,0,0,0,0,0.7,0,0,4,0,0,0,0,0,0,0,1,0,0,0,0,0,0,0,0,0,0,0
"104","CCC011_2022 Q4",0,3,0,0,1.5,0,0,0,0,0,0,0,0,12,0,0,0,0,0,0,0,2,0,0,0,0,0,0,0,0,0,0,0
"105","CCC011_2022 Q5",0,5,0,0,0.5,15,0,0,0,0,0,0,0,2,0,0,0,0,0,0.1,0,1,0,0,0,0,0,0,0,0,0,0,0
"106","CCC011_2021 Q1",0,0,0,0,0,1,0,0,0,0,3,0,0,1,0,0,0,0,0,0,0,0,0,0,0,0,0,0,0,0,0,0,0
"107","CCC011_2021 Q2",0,28,0,0,0,0.7,0,0,0,0,0,0,0,2.5,0,0,0,0,0,0,0,0.1,0,0,0,0,0,0,0,0,0,0,0
"108","CCC011_2021 Q3",0,1,0,0,0.4,2,0,0,0,0,0,0,0,1,0,0,0,0,0,0,0,0.1,0,0,0,0,0,0,0,0,0,0,0
"109","CCC011_2021 Q4",0,3.5,0,0,0,0,0,0,0,0,0.3,0,0,1,0,0,0,0,0,0.1,0,0,0,0,0,0,0,0,0,0,0,0,0
"110","CCC011_2021 Q5",0,5,0,0,0.5,0.3,0,0,0,0,0,0,0,1.5,0,0,0,0,0,0,0,3.4,0,0,0,0,0,0,0,0,0,0,0
"111","QUA010_2021 Q1",0,0,0,0,0,7,0,0,0,0,0,0,0,0,0,0,0,0,0,0,0,0,0,0,0,0,0,0,0,0,0,0,0
"112","QUA010_2021 Q2",0,0,0,0,0,0.05,0,1,0,0,0,0,0,0,0,0,0,0,0,0,0,0,0,0,0,0,0,0,0,0,0,0,0
"113","QUA010_2021 Q3",0,0,0,0,0,0.05,0,0.5,0,0,2,0,0,0,0,0,0,0,0,0,0,0,0.05,0,0,0,0,0,0,0,0,0,0
"114","QUA010_2021 Q4",0,5,0,0,0,0,0,1,0,0,0,0,0,0,0,0,0,0,0,0,0,0,1,0,0,0,0,0,0,0,0,0,0
"115","QUA010_2021 Q5",0,5,0,0,0,0,0,0,0,0,0.5,0,0,0,0,0,0,0,0,0,0,0,0,0,0,0,0,0,0,0,0,0,0
"116","CCC009_2022 Q1",0,10,0,0,0,1,0,1,0,0,2,0,0,0,0,0,0,0,0,0,0,0,0,0,0,3,0,0,0,0,0,0,0
"117","CCC009_2022 Q2",0,15,0,0,0,6,0,1,0,0,0.5,0,0,0,0,0,0,0,0,0,0,0,0,0,0,5,0,0,0,0,0,0,0
"118","CCC009_2022 Q3",0,3,0,0,0,1,0,1.5,0,0,30,0,0,0,0,0,0,0,0,0,0.5,0.1,0,0,0,2,0,0,0,0,0,0,0
"119","CCC009_2022 Q4",0,15,0,0,0,0.3,0,7,0,0,0,0,0,0,0,0,0,0,0,1,0,0.1,0,0,0,5,0,0,0,0,0,0,0
"120","CCC009_2022 Q5",0,5,0,0,0,0.7,0,20,0,0,10,0,0,0,0,0,0,0,0,0,0,0,0,0,0,2,0,0,0,0,0,0,0
"121","BOB015_2022 Q1",0,0,0,0,0,25,4,0.3,0,0,0.5,0,0,42,0,0,0,0.2,0,1.5,0,0,0,0,0,0,0,0,0,0,0,0.1,0
"122","BOB015_2022 Q2",0,0,0,0,0,20,3,5,0,0,0.5,0,0,40,0,0,0,0,0,0.5,0,0,0,0.1,0,0,0,0,0,0,0,0.1,0
"123","BOB015_2022 Q3",0,5,0,0,0,20,0.1,4,0,0,0.2,0,0,60,0,0,0,0,0,0,0,0,0,0,0,0,0,0,0,0,0,0,1
"124","BOB015_2022 Q4",0,0,0,0,0,30,1,10,0,0,0,0,0,25,0,0,0,0,0,0,0,0.2,0,0,0.1,0,0,0,0.1,0,0,0,0
"125","BOB015_2022 Q5",0,6,0,0,0,20,0,5,0,0,0,0,0,75,0,0,0,0,0,0.5,0,0,0,0,0,0,0,0,0,0,0,0,0
"126","CCC008_2021 Q1",0,20,0,0,0,0,0,7,0,0,3.5,0,0,0,0,0,0,0,0,0,0,0,0,0,0,0,0,0,0,0,0,0,0
"127","CCC008_2021 Q2",0,13,0,0,0,2.5,0,28,0,0,2,0,0,0,0,0,0,0,0,0,0.4,0.3,0,0,0,0,0,0,0,0,0,0,0
"128","CCC008_2021 Q3",0,8,0,0,0,4,0,16,0,0,0.5,0,0,0,0,0,0,0,0,0,0,0.1,0,0,0,0,0,0,0,0,0,0,0
"129","CCC008_2021 Q4",0,2,0,0,0,0,0,1,0,0,0.3,0,0,0,0,0,0,0,0,0,0,0,0,0,0,0,0,0,0,0,0,0,0
"130","CCC008_2021 Q5",0,7,0,0,2,0,0,6,0,0,3,0,0,0,0,0,0,0,0,0,0,0,0,0,0,0,0,0,0,0,0,0,0
"131","BOB018_2022 Q1",0,0.1,0,0,0,43,0,0,0,0,0,0,0,0,0,0,0,0,0,2,0,0,0,0,0,0,0,0,0,0,0,0,0
"132","BOB018_2022 Q2",0,1,0,0,0,60,0,10,0,0,0,0,0,20,0,0,0,0,0,0.3,0,0,0,0,0,0,0,0,0,0,0,0,0
"133","BOB018_2022 Q3",0,0,0,0,0,10,0,0,0,0,3,0,0,0,0,0,0,0,0,2,0,0,0,0,0,0,0,0,0,0,0,0,0
"134","BOB018_2022 Q4",0,1,0,0,0,6,0,6,0,0,5,0,0,0.05,0,0,0,0,0,2,0,0,0,0,0,0,0,0,0,0,0,0,0
"135","BOB018_2022 Q5",0,10,0,0,0,10,0,5,0,0,15,0,0,0,0,0,0,0,0,0,0,0,0,0,0,0,0,0,0,0,0,0,0
"136","BOB018_2021 Q1",0,5,0,0,0,12,0,0,0,0,0,0,0,14,0,0,0.2,0,0,3,0,0.1,0,0,0,0,0,0,0,0,0,0.3,0
"137","BOB018_2021 Q2",0,0,0,0,0,34,0,15,0,0,0,0,0,6,0,0,0.5,0,0,0.7,0,0.5,0,0,0,0,0,0,0.1,0,0,0,0
"138","BOB018_2021 Q3",0,0,0,0,0,9,0,0.4,0,0,34,0,0,0,0,0,0,0,0,1.5,0,0.3,0,0,0,0,0,0,0,0,0,0,0
"139","BOB018_2021 Q4",0,3,0,0,0,1.5,0,9.5,0,0,10,0,0,0,0,0,0,0,0,0.5,0,0.3,0,0,0,0,0,0,0,0,0,0,0
"140","BOB018_2021 Q5",0,10,0,0,0,1,0,4,0,0,9,0,0,1,0,0,0,0,0,0.3,0,0,0,0,0,0,0,0,0,0,0,0,0
"141","QUA002_2021 Q1",0,2,0,0,0,0,0,0,0,0,0,0,0,0,0,0,0,0,0,0,0,0,0,0,0,0,0,0,0,0,0,0,0
"142","QUA002_2021 Q2",0,0.05,0,0,0,0,0,0,0,0,0,0,0,0,0,0,0,0,0,0,0,0,0,0,0,0,0,0,0,0,0,0,0
"143","QUA002_2021 Q3",0,12,0,0,0,0,0,0.05,0,0,2,0,0,0,0,0,0,0,0,0,0,0,0,0,0,0,0,0,0,0,0,0,0
"144","QUA002_2021 Q4",0,0.05,0,0,0,0,0,0,0,0,0,0,0,0,0,0,0,0,0,0,0,0,0,0,0,0,0,0,0,0,0,0,0
"145","QUA002_2021 Q5",0,10,0,0,0,0,0,0,0,0,0,0,0,0,0,0,0,0,0,0,0,0,0,0,0,0,0,0,0,0,0,0,0
"146","CCC001_2022 Q1",0,3,0,0,0,0,0,0,1,0,0,0,0,5,0,0,0,0,0,0,0,0,0,0,1.5,0,0,0,0,0,0,1,0
"147","CCC001_2022 Q2",0,0,0,0,0,4,0,0,0,0,0,0,0,3,0,0,0,0,0,2,0,0,0,0,0,0,0,0,0,0,0.7,1,0
"148","CCC001_2022 Q3",0,0,0,0,0,0,0,0,5,0,0,0,0,4,0,0,0,0,0,0,0,0,0,0,0,0,0,0,0,0,0,2,0
"149","CCC001_2022 Q4",0,0,0,0,0,0,0,0,3,0,0,0,0,0,0,0,0,0,0,0,0,0,0,0,1,0,0,0,0,0,0,5,0
"150","CCC001_2022 Q5",0,10,0,0,0,0,0,0,7,0,0,0,0,20,0,0.1,0,0,0,1,0,0,0,0,0,0,0,0,0,0,2,0,0
"151","BOB017_2022 Q1",0,10,0,0,0,25,0,0.05,0,0,12,0,0,0,0,0,0,0,0,2,0,0.05,0,0,0,0,0,0,0,0,0,0,0
"152","BOB017_2022 Q2",0,7,0,0,0,10,0,15,0,0,13,0,0,0,0,0,0,0,0,0,0,0,0,0,0,0,0,0,0,0,0,0,0
"153","BOB017_2022 Q3",0,2,0,0,0,0,0,2,0,0,0,0,0,60,0,0,0,0,0,2,0,0,0,0,0,0,0,0,0,0,0,0,0
"154","BOB017_2022 Q4",0,5,0,0,0,0,0,20,0,0,0,0,0,4,0,0,0,0,0,1,0,0,0,0,0,0,0,0,0,0,0,0,0
"155","BOB017_2022 Q5",0,12,0,0,0,25,0,5,0,0,0,0,0,0,0,0,0,0,0,1,0,0,0,0,0,0,0,0,0,0,0,0,0
"156","CCC012_2021 Q1",0,60,0,0,1,2,0,0,0.1,0,1.4,0,0,0,0,0,0,0,0,0,0,0,0,0,0,0,0,0,0,0.2,0.8,0,0
"157","CCC012_2021 Q2",0,12,0,0,0,0,0,0,0,0,0,0,0,0.8,0,0,0,0,0,0,0,0,0,0,0,0,0,0,0,0,0,0,0
"158","CCC012_2021 Q3",0,62,0,0,0,0,0,0,0,0,0,0,0,1,0,0,0,0,0,0,0,0,0,0,0,0,0,0,0,0,0.5,0,0
"159","CCC012_2021 Q4",0,18,0,0,0,0.4,0,0,0,0,0,0,0,0,0,0,0,0,0,0,0,0,0,0,0,0,0,0,0,0,0.3,0,0
"160","CCC012_2021 Q5",0,12,0,0,0,0.8,0,0,0,0,0,0,0,20,0,0,0,0,0,0,0,0,0,0,0,0,0,0,0,0.1,0,0,0
"161","BOB011_2021 Q1",0,28,0,2,0,1.7,0,2,0,0,6,0,0,1,0,0,0,0,0,0.3,0,0,0,0,0,0,0,0,0,0,0,0,0
"162","BOB011_2021 Q2",0,0,0,0,0,0.5,0,5.5,0,0,1.5,0.3,0,0,0,0,0,0,0,0,0,0,0,0,0,0,0,0,0,0,0,0,0
"163","BOB011_2021 Q3",0,20,0,0,0,8,0,2,0,0,10,0,0,0,0,0,0,0,0,0,0,0,0,0,0,0,0,0,0,0,0,0,0.2
"164","BOB011_2021 Q4",0,45,0,0,0,16,0,0.5,0,0,9,0,0,0,0,0,0,0,0,0,0,0,0,0,0,0,0,0,0,0,0,0.1,0.3
"165","BOB011_2021 Q5",0,14,0,0,0,0.2,0,5,0,0,7,0,0,0,0,0,0,0,0,0,0,0.4,0,0,0,0,0,0,0,0,0,0,0
"166","BOB013_2021 Q1",0,48,1,0,0,0,0,3,0,0,5,0,0,6,0,0,0,0,0,0.3,0,0,0,0,0,0,0,0,0,0,0,0,0
"167","BOB013_2021 Q2",0,45,0.5,0,0,1,0,1,0,0,0.2,0,0,0,0,0,0,0,0,0,0,0,0,0,0,0,0,0,0,0,0,0,0
"168","BOB013_2021 Q3",0,35,0,0,0,0.1,0,5,0,0,0.2,0,0,5,0,0,0,0,0,0,0,0,0,0,0,0,0,0,0,0,0,0,0
"169","BOB013_2021 Q4",0,7,0,0,0,0.8,0,2.8,0,0,0,0,0,4,0,0,0,0,0,0,0,0.1,0,0,0,0,0,0,0,0,0,0,0
"170","BOB013_2021 Q5",0,15,3.5,0,0,0.2,0,2.5,0,0,0,0,0,0.7,0,0,0,0,0,0,0,0,0,0,0,0,0,0,0,0,0,0.4,0
"171","BOB005_2022 Q1",0,15,0,0,0,0,0,0,0,0,35,0,0,5,0,0,0,0,0,0,0,0,0,0,0,0,0,0,0,0,0,0,0
"172","BOB005_2022 Q2",0,20,0,0,0,0.5,0,0.1,0,0,7,0,0,3,0,0,0,0,0,0,0,0.1,0,0,0,0,0,0,0,0,0,0,0
"173","BOB005_2022 Q3",0,20,0,0,0,15,0,0,0,0,20,0,0,7,0,0,0,0,0,0.1,0,0,0,0,0,0,0,0,0,0,0,0,0
"174","BOB005_2022 Q4",0,10,0,0,0,3,0,0,0,0,18,0,0,10,0,0,0,0,0,0,0,0,0,0,0,0,0,0,0,0,0,0,0
"175","BOB005_2022 Q5",0,15,0,0,0,8,0,2,0,0,20,0,0,0.1,0,0,0,0,0,0,0,0,0,0,0,0,0,0,0,0,0,0,0
"176","BOB003_2022 Q1",0,50,0,0,0,0,0,0.5,0.05,0,10,0,0,0,0,0,0,0,0,20,0,0.05,0,0,0.05,0,2,0,0,0,0,0,0
"177","BOB003_2022 Q2",0,15,0,0,0,10,0,1.5,0,0,10,0,0,13,0,0,0,0,0,5,0,0.1,0,0,5,0,0,0,0,0,0,0,0
"178","BOB003_2022 Q3",0,40,0,0,0,3,0,0,0,0,0.5,0,0,40,0,0,0,0,0,5.1,0,0.05,0,0,0,0.1,0,0,0,0,0,0,0
"179","BOB003_2022 Q4",0,35,0,0,0,2,0,2,0,0,7,0,0,3,0,0,0,0,0,3,0,0.05,0,0,0,0,2,0,0,0,0,0,0
"180","BOB003_2022 Q5",0,15,0,0,0,20,0,3,0,0,2,0,0,60,0,0,0,0,0,3,0,1,0,0,0,0,2,0,0,0,0,0,2
"181","BOB001_2022 Q1",0,0,0,0,0,0,0,0,0,0,40,0,0,20,0,0,0,0,0,0,0,0,0,0,0,0,0,0,0,0,0,0,1
"182","BOB001_2022 Q2",0,5,0,0,0,0,0,0,0,0,35,0,0,10,0,0,0,0,0,0,0,0,0,0,0,0,0,0,0,0,0,0,0
"183","BOB001_2022 Q3",0,0.5,0,0,0,0.1,0,0,0,0,0,0,0,30,0,0,0,0,0,0,0,0,0,0,0,0,0,0,0,0,0,0,0
"184","BOB001_2022 Q4",0,50,0,0,0,0,1,0.05,0,0,5,0,0,10,0,0,0,0,0,3,0,0,0,0,0,0,0,0,0,0,0,0,0
"185","BOB001_2022 Q5",0,15,0,0,0,0,0,0,0,0,20,0,0,50,0,0,0,0,0,0,0,0,0,0,0,0,0,0,0,0,0,0,0.05
"186","BOB005_2021 Q1",0,5,0,0,0,0,0,0.5,0,0,25,0,0,3,0,0,0,0,0,0,0,0.1,0,0,0,0,0,0,0,0,0,0,0
"187","BOB005_2021 Q2",0,10,0,0,0,0.8,0,0.3,0,0,15,0,0,0,0,0,0,0,0,0.8,0,0,0,0,0,0,0,0,0,0,0,0,0
"188","BOB005_2021 Q3",0,1.5,0,0,0,3.5,0,0.2,0,0,7,0,0,0,0,0,0,0,0,0.4,0,0.2,0,0,0,0,0,0,0,0,0,0,0
"189","BOB005_2021 Q4",0,20,0,0,0,1.3,0,0.1,0,0,5,0,0,0.2,0,0,0,0,0,1.1,0,0,0,0,0,0,0,0,0,0,0,0,0
"190","BOB005_2021 Q5",0,19,0,0,0,2,0,1.4,0,0,11,0,0,0,0,0,0,0,0,0.3,0,1,0,0,0,0,0,0,0,0,0,0,0
"191","BOB002_2021 Q1",0,7,0,0,0,2,4,0.5,0,0,0,0,0,2,0,0,1,0,0,6,0,0,0,0,0,0,0,0,0,0,0,0,0
"192","BOB002_2021 Q2",0,30,0,0,0.2,2,3,5,0,0,2,0,0,33,0,0,0,0,0,4,0,0.1,0,0,0,0,0,0,0,0,0,0,0
"193","BOB002_2021 Q3",0,12,0,0,0,0,5,0,0,0,0,0,0,10,0,0,0.2,0,0,0.8,0,0.5,0,0,0,0,0,0,0,0,0,0,0
"194","BOB002_2021 Q4",0,10,0,0,0,3,0,0,0,0,0,0,0,15,0,0,0,0,0,4,0,0.1,0,0,0,0,0,0,0.1,0,0,0,0
"195","BOB002_2021 Q5",0,20,0,0,0,2,0,20,0,0,1,0,0,22,0,0,0,0,0,0.8,0,0,0,0,0,0,0,0,0,0,0,0,0
"196","COL017_2022 Q1",0,0.5,0,0,0,20,0,25,0,0,2,0,0,40,0,0,0,0,0,0,0,0,0,0,0,0,0,0,0,0,0,0.3,0
"197","COL017_2022 Q2",0,3,0,0.1,0,5,0,0,0,0,0,0,0,30,0,0,0,0,0,0,0,0,0,0,0,0,0,0,0,0,0,0,0
"198","COL017_2022 Q3",0,3,2,0,0,20,0,0.2,0,0,0,0,0,40,0,0,0,0,0,0,0,0,0,0,0,0,0,0,0,0,0,0,0
"199","COL017_2022 Q4",0,11,0,0,0,7,0,0,0,0,0,0,0,2,0,0,0,0,0,0,0,0,0,0,0,0,0,0,0,0,0,0,0
"200","COL017_2022 Q5",0,20,9,0,0.1,1,0,2,0,0,0,0,0,0,0,0,0,0,0,0,0,0,0,0,0,0,0,0,0,0,0,0,0
"201","QUA010_2022 Q1",0,0,0,0,0.1,50,0,0,0,0,3,0,0,0,0,0,0,0,0,0.2,0,0.2,0,0,1,0,0,0,0,0,0,0,0
"202","QUA010_2022 Q2",0,15,0,0,0,0,0,5,0,0,3,0,0,0,0,0,0,0,0,2,0,0,0,0,0,0,0,0,0,0,0,0,0
"203","QUA010_2022 Q3",0,55,0,0,0,0,0,2,0,0,3.5,0,0,0,0,0,0,0,0,0,0,0,0,0,0,0,0,0,0,0,0,0,0
"204","QUA010_2022 Q4",0,60,0,0,0,0,0,10,0,0,0.5,0,0,0,0,0,0,0,0,0,0,0,0,0,0,0,0,0,0,0,0,0,0
"205","QUA010_2022 Q5",0,20,0,0,0,0,0,0,0,0,3,0,0,0,0,0,0,0,0,0,0,0,0,0,0,0,0,0,0,0,0,0,0
"206","BOB016_2022 Q1",0,0.2,0,0,0,2,1,1,0,0,0.1,0,0,65,0,0,0,0,0,3,0,0,0,0,0,0,0,0,0,0,0,0,0
"207","BOB016_2022 Q2",0,10,0,0,0,7,0.2,6,0,0,0.1,0,0,60,0,0,0,0,0,3,0,0,0,0,0,0,0,0,0,0,0,0,0
"208","BOB016_2022 Q3",0,10,0,0,0,4,2,1,0,0,1,0,0,45,0,0,0,0,0.1,20,0,0,0,0,0,0,0,0,0,0,0,0,0
"209","BOB016_2022 Q4",0,0,0,0,0,30,0.3,1,0,0,1,0,0,45,0,0,0,0,0.1,4,0,0.1,0,0,0.1,0,0,0,0.1,0,0,0.1,0
"210","BOB016_2022 Q5",0,20,0,0,0,10,1,2.5,0.1,0,1,0,0,55,0,0,0,0,0.5,1,0,0.1,0,0,0.1,0,0,0,0,0,0,0.3,0
"211","BOB016_2021 Q1",0,0,0,0,0,2,0.4,0,0.1,0,0,0,0,28,0,0,0,0,0,5,0,0.6,0,0,0,0,0,0,0,0,0,0,0
"212","BOB016_2021 Q2",0,3,0,0,0,1.5,0.3,9,0,0,0,0,0,44,0,0,0,0,0,1.5,0,0.5,0,0,0,0,0,0,0,0,0,0,0
"213","BOB016_2021 Q3",0,0,0,0,0,0,0,0.8,0.1,0,0,0,0,38,0,0,3,0.2,0,3,0,0.2,0,0,0,0,0,0,0,0,0,0.1,0
"214","BOB016_2021 Q4",0,0,0,0,0,0.1,0,1,0,0,0,0,0,22,0,0,9,0.1,0,0,0,0.3,0,0,0,0,0,0,0.1,0,0,1,0
"215","BOB016_2021 Q5",0,20,0,0,0,5,0.5,10,0,0,0,0,0,26,0,0,2,0.1,0.1,0,0,0,0,0,0,0,0,0,0,0,0,2.3,0
"216","BOB017_2021 Q1",0,3,0,0,0,1.5,0,0.2,0,0,5,0,0,10,0,0,3,0,0,1.2,0,3.5,0,0,0,0,0,0,0,0,0,0,0
"217","BOB017_2021 Q2",0,7,0,0,0,1,0,6,0,0.5,3,0,0,1,0,0,3,0,0,0.8,0,2.5,0,0,0,0,0,0,0,0,0,0,0
"218","BOB017_2021 Q3",0,21,0,0,0,3,0,7,0,0,5,0,0,3,0,0,0,0,0,4.5,0,0,0,0,0,0,0,0,0.3,0,0,0,0
"219","BOB017_2021 Q4",0,13,0,0,0,1.5,0,2.5,0,0,12,0,0,13,0,0,0.1,0,0,1.2,0,6,0,0,0,1.5,0,0,0,0,0,0,0
"220","BOB017_2021 Q5",0,22,0,0,0,7,0,1.5,0,0,16,0,0,0,0,0,0,0,0,0,0,0,0,0,0,0,0,0,0,0,0,0,0
"221","BOB013_2022 Q1",0,70,0,0,0,2,0,1.5,0,0,20,0,0,25,0,0,0,0,0,0,0,0,0,0,0,0,0,0,0,0,0,0,0
"222","BOB013_2022 Q2",0,80,0,0,0,0,0.3,3,0,0,0,0,0,0,0,0,0,0,0,0,0,0,0,0,0,0,0,0,0,0,0,0.1,0
"223","BOB013_2022 Q3",0,70,0,0,0,1,0,3,0,0,3,0,0,20,0,0,0,0,0,0,0,0,0,0,0,0,0,0,0,0,0,0,0
"224","BOB013_2022 Q4",0,10,0,0,0,30,0,7,0,0,0,0,0,50,0,0,0,0,0,0,0,0.1,0,0,0,0,0,0,0,0,0,0,0
"225","BOB013_2022 Q5",0,30,0,0,0,0,0,0,0,0,0,0,0,0,0,0,0,0,0.1,0,0,0.1,0,0,0,0,0,0,0,0,0,0.1,0
"226","CCC008_2022 Q1",0,5,0,0,0,3,0,25,0,0,10,0,0,0,0,0,0,0,0,0,0,0,0,0,0,2,0,0,0,0,0,0,0
"227","CCC008_2022 Q2",0,55,0,0,0.4,4,0,6,0,0,2,0,0,7,0,0,0,0,0,0.2,0,1,0,0,0,1.2,0,0,0,0,0,0,0
"228","CCC008_2022 Q3",0,30,0,0,2,5,0,20,0,0,5,0,0,2,0,0,0,0,0,1,0,0.1,0,0,0,0,0,0,0,0,0,0,0
"229","CCC008_2022 Q4",0,40,0,0,2,0.4,0,25,0,0,1,0,0,0,0,0,0,0,0,0.5,0,0.1,0,0,0,0,0,0,0,0,0,0,0
"230","CCC008_2022 Q5",0,30,0,0,2,2,0,5,0,0,5,0,0,0,0,0,0,0,0,0,0,1,0,0,0,0,0,0,0,0,0,0,0
"231","CCC012_2022 Q1",0,65,0,0,0.5,0.3,0,0,0.2,0,2.3,0,0,0,0,0,0,0,0,0,0,0,0,0,0,1.5,0,0,0,0,0.5,4,0
"232","CCC012_2022 Q2",0,40,0,0,0,0,0,0,5,0,0,0,0,0,0,0,0,0,0,0,0,0.1,0,0,0,0,0,0,0,0,7,1,0.1
"233","CCC012_2022 Q3",0,80,0,0,0,0,0,0,0,0,0,0,0,0,0,0,0,0,0,0,0,0,0,0,0,0,0,0,0,0,0,9,0
"234","CCC012_2022 Q4",0,40,0,0,0,0,0,0,0,0,0,0,0,0,0,0,0,0,0,0,0,0,0,0,0,0,0,0,0,0,0,5,0
"235","CCC012_2022 Q5",0,30,0,0,0,0,0,0,0.5,0,0,0,0,30,0,0,0,0,0,0,0,0,0,0,0,0,0,0,0,0,0,1,0
"236","BOB012_2022 Q1",0,25,0,0,0,1,0,0,0,0,15,0,0,5,0,0,0,0,0,0,0,0,0,0,0,0,0,0,0,0,0,0,0
"237","BOB012_2022 Q2",0,15,0,0,0,10,0,5,0,0,25,0,0,6,0,0,0,0,0,25,0,0.1,0,0,0,0,0,0,0,0,0,0,0
"238","BOB012_2022 Q3",0,65,0,0,0,35,0,2,0,0,10,0,0,10,0,0,0,0,0,0,0,0,0,0,0,0,0,0,0,0,0,0,1
"239","BOB012_2022 Q4",0,50,0,0,0,35,0,3,0,0,20,0,0,30,0,0,0,0,0,0,0,0,0,0,0,0,0,0,0,0,0,0,0
"240","BOB012_2022 Q5",0,30,0,0,0,10,0,2,0,0,18,0,0,7,0,0,0,0,0,0,0,0,0,0,0.1,0,0,0,0,0,0,0,0
"241","BOB012_2021 Q1",0,38,0,0,0,3.5,0,1.4,0,0,10,0,0,7,0,0,0,0,0,0,0,0,0,0,0,0,0,0,0,0,0,0,0
"242","BOB012_2021 Q2",0,6,0,0,0,3,0,30,0,0,1.5,0,0,1,0,0,0.1,0,0,0,0,0,0,0,0,0,6,0,0,0,0,0,0
"243","BOB012_2021 Q3",0,42,0,0,0,18,0,2,0,0,0,0,0,8,0,0,0,0,0,0,0,0,0,0,0,0,0,0,0,0,0,0,2.5
"244","BOB012_2021 Q4",0,14,0,0,0,8.5,0,3,0,0,2,0,0,0,0,0,0,0,0,0,0,0,0,0,0,0,0,0,0,0,0,0,0
"245","BOB012_2021 Q5",0,32,0.4,0,0,0,0,0.5,0,0,4,0,0,0.4,0,0,0,0,0,0,0,0,0,0,0,0,0,0,0,0,0,0,0
"246","COL018_2022 Q1",0,20,0,0,0,0,0,0.2,0,0,4,0,0,0,0,0,0,0,0,0,0,0,0,0,0,0,0,0,0,0,0,0,0
"247","COL018_2022 Q2",0,30,20,0,0,0,0,0,0,0,0,0,0,0,0,0,0,0,0,0,0,0,0,0,0,0,0,0,1,0,0,0,0
"248","COL018_2022 Q3",0,80,2,0,0,0.1,0,0,0,0,5,0,0,0,0,0,0,0,0,0,0,0,0,0,0,0,0,0,0,0,0,0,0
"249","COL018_2022 Q4",0,20,15,0,0,0,0,1.2,0,0,3,0,0,0,0,0,0,0,0,0,0,0,0,0,0,0,0,0,0,0,0,0,0
"250","COL018_2022 Q5",0,35,3,0,0,0.1,0,0.1,0,0,6,0,0,0.2,0,0,0,0,0,0,0,0,0,0,0,0,0,0,0,0,0,0,0
"251","CCC007_2021 Q1",0,45,0,0,0.1,0,0,10,0,0,2,0,0,0,0,0,0,0,0,0,0,0.2,0,0,0,0,0,0,0,0,0,0,0
"252","CCC007_2021 Q2",0,35,0,0,0,0.2,0,1.5,0,0,0.5,0,0,0,0,0,0,0,0,0,0,0,0,0,0,0,0,0,0,0,0,0,0
"253","CCC007_2021 Q3",0,48,0,0,0,0,0,3.5,0,0,0,0,0,0,0,0,0,0,0,0,0,0,0,0,0,0,0,0,0,0,0,0,0
"254","CCC007_2021 Q4",0,25,0,0,0,0,0,0.9,0,0,0,0,0,0,0,0,0,0,0,0,0,0,0,0,0,0,0,0,0,0,0,0,0
"255","CCC007_2021 Q5",0,40,0,0,0,0,0,3.5,0,0,0.7,0,0,0,0,0,0,0,0,0,0,0,0,0,0,0,0,0,0,0,0,0,0
"256","BOB019_2022 Q1",0,2,0,0,0,0.1,0,2,0,0,30,0,0,50,0,0,0.5,0,0,0,0,0,0,0,0,0,0,0,0,0,0,0,1
"257","BOB019_2022 Q2",0,35,0,0,5,0,2,0.1,0,0,0.5,0,0,40,0,0,0,0,0,1,0,0,0,0,0,0.05,0,0,0,0,0,0,15
"258","BOB019_2022 Q3",0,20,0,0,10,0,0,0,0.1,0,0,0,0,40,0,0,0,0,0,0,0,0,0,0,0,0,0,0,0,0,0,0,3
"259","BOB019_2022 Q4",0,30,0,0,7,0,1,0.1,0,0,0,0,0,25,0,0,0,0,0,0.5,0,0,0,0,0,0,0,0,0,0,0.5,0,1
"260","BOB019_2022 Q5",0,50,0,0,4,0,3,0,0,0,0,0,0,20,0,0,0,0,0,0.1,0,0,0,0,0,0,0,0,0.5,0,1,0,0
"261","COL013_2022 Q1",0,40,0,0,0,9,0,5,0,0,20,0,0,30,0,0,0,0,0,0,0,0,0,0,0,0,0,0,0,0,0,0,0
"262","COL013_2022 Q2",0,0,0,0,0,0,0,4,0,0,20,0,0,15,0,0,0,0,0,0,0,0,0,0,0,0,0,0,0,0,0,0,0
"263","COL013_2022 Q3",0,15,0,0,0,40,0,3,0,0,17,0,0,0,0,0,0,0,0,0,0,0,0,0,0,0,0,0,0,0,0,0,0
"264","COL013_2022 Q4",0,15,0,0,7,65,0,25,0,0,5,0,0,65,0,0,0,0,0,1,0,0,0,0,0,0,0,0,0.1,0,0,0,0
"265","COL013_2022 Q5",0,60,0,0,0,5,0,0,0,0,0,0,0,0,0,0,0,0,0,0,0,0,0,0,0,0,0,0,0,0,0,0,0
"266","BOB011_2022 Q1",0,40,0,0,0,9,0,5,0,0,30,0,0,8,0,0,0,0,0,0,0,0,0,0,0,0,0,0,0,0,0,0,0
"267","BOB011_2022 Q2",0,1,0,0,0,1.5,0,2,0,0,6,0,0,2,0,0,0,0,0,0,0,0,0,0,0,0,0,0,0,0,0,0,0
"268","BOB011_2022 Q3",0,50,0,0,0,3,0,0.1,0,0,8,0,0,3,0,0,0,0,0,0,0.1,0,0,0,0,0,0,0,0,0,0,0,0
"269","BOB011_2022 Q4",0,50,0,0,0,5,0,2,0,0,6,0,0,9,0,0,0,0,0,0,0,0,0,0,0,0,0,0,0,0,0,0,1
"270","BOB011_2022 Q5",0,70,0,0,0,10,0,5,0,0,25,0,0,5,0,0,0,0,0,0,0,0,0,0,0,0,0,0,0,0,0,0,0
"271","BOB002_2022 Q1",0,15,0,0,0,2,3,2,0,0,2,0,0,1,0,0,0,0,0,3,0,0.05,0,0,0.05,0,0,0,0,0,0,0,0
"272","BOB002_2022 Q2",0,98,0,0,0,0,1,0.05,0,0,1,0,0,25,0,0,0,0,0,0.1,0,0,0,0,0,0,0,0,0,0,0,0,0
"273","BOB002_2022 Q3",0,47,0,0,0,1,0.05,10,0,0,0,0,0,40,0,0,0,0,0,0.5,0,0,0,0,0.05,0,0,0,0,0,0,0,0
"274","BOB002_2022 Q4",0,60,0,0,0,4,1,2,0,0,1,0,0,30,0,0,0,0,0,7,0,0,0,0,0.05,0,0,0,0,0,0,0,0
"275","BOB002_2022 Q5",0,90,0,0,0,0,1,0,0,0,0,0,0,40,0,0,0,0,0,0.5,0,0,0,0,0,0,0,0,0,0,0,0,0
"276","CCC007_2022 Q1",0,60,0,0,0,0.5,0,25,0,0,5,0,0,0,0,0,0,0,0,0,0,0.1,0,0,0,0,0,0,0,0,0,0,0
"277","CCC007_2022 Q2",0,90,0,0,0,0,0,7,0,0,1.5,0,0,0.1,0,0,0,0,0,0,0,0,0,0,0,0,0,0,0,0,0,0,0
"278","CCC007_2022 Q3",0,90,0,0,0.1,1,0,20,0,0,0,0,0,1.3,0,0,0,0,0,0,0,0.3,0,0,0,0,0,0,0,0,0,0,0
"279","CCC007_2022 Q4",0,95,0,0,0,0.5,0,6,0,0,0,0,0,0,0,0,0,0,0,0,0,0.1,0,0,0,0,0,0,0,0,0,0,0
"280","CCC007_2022 Q5",0,97,0,0,2,0.2,0,8,0,0,1,0,0,2,0,0,0,0,0,0.3,0,0,0,0,0,0,0,0,0,0,0,0,0
"281","QUA020_2022 Q1",0,0,0,0,3,5,0,0,0,0,0,0,5,0,0,0,0,0,0,8,0,4,0,0,0,0,0,0,0,0,0,4,0
"282","QUA020_2022 Q2",0,0,0,0,3,4,0,0,0,0,6,0,8,0,0,0.1,0,0,0,6,0,6,0,0,0,0,0,0,2,0,0,2,0
"283","QUA020_2022 Q3",0,0,0,0,0,5,0,0,0,0,0.5,0,2,0,0,0,0,0,0,10,0,6,0,0,0,0,0,0,1,0,0,0,0
"284","QUA020_2022 Q4",0,0.1,0,0,0,0,0,0,1.5,0,0,0,90,0,0,0,0,0,0,0,0,0,0,0,0,0,0,0,1,0,0,0,0
"285","QUA020_2022 Q5",0,0,0,0,0,0,0,0,1,0,0,0,90,0,0,0,0,0,0,0.5,0,0,0,0,0,0,0,0,1,0,0,0,0
"286","BOB004_2022 Q1",0,3,0,0,0,5,0,1,0,0,5,0,0,0,0,0,0,0,0,2,0,0.5,0,0,0.05,0.3,0,0,0,0,0,0,0
"287","BOB004_2022 Q2",0,0.2,0,0,0,0.1,0,0,0,0,1,0,0,0,0,0,0,0,0,0.5,0,2,0,0,0,0,0,0,0,0,0,0,0
"288","BOB004_2022 Q3",0,0.1,0,0,0,0.2,0,0,0,0,0,0,0,0,0,0,0,0,0,2,0,1,0,0,0.05,0,0,0,0,0,0,0,0
"289","BOB004_2022 Q4",0,0.5,0,0,0,1,0,0.1,0,0,5,0,0,0,0,0,0,0,0,0.1,0,0.05,0,0,0.05,0,0,0,0,0,0,0,0
"290","BOB004_2022 Q5",0,0,0,0,0,0,0,0,0,0,0.1,0,0,0,0,0,0,0,0,3,0,0.05,0,0,0,0,0,0,0,0,0,0,0
"291","BOB007_2021 Q1",0,12,0.3,0,28,1,0,0.3,0.2,0,0,0,0,18,0,0,0,0,0,0,0,0.1,0,0,0,0,0,0,0,0,0,0.3,0
"292","BOB007_2021 Q2",0,0,0,0,0,10,0,0,0,0,0,0,0,7,0,0,0,0,0,0,0,0,0,0,0,0,0,0,0,0,0,0.5,0
"293","BOB007_2021 Q3",0,0,0,0,0,15,0.4,0,0,0,0,0,0,43,0,0,0,0,0,0.1,0,0,0,0,0,0,0,0,0,0,0,0,0
"294","BOB007_2021 Q4",0,0.5,0,0,0,0.1,0,0,0,0,0,0,0,20,0,0,0,0,0,0,0,0,0,0,0,0,0,0,0,0,0,0.3,0
"295","BOB007_2021 Q5",0,0,0,0,0,3,1,2,0,0,0,0,0,17,0,0,0.5,0,0,0.1,0,0.4,0,0,0,0,0,0,0.5,0,0,2,0
"296","QUA002_2022 Q1",0,0,0,0,0.5,0,0,7,0,0,10,0,0,35,0,0,0,0,0,0,0,0.3,0.1,0,0,0,0,0,0,0,0,0,0
"297","QUA002_2022 Q2",0,0.1,0,0,40,0,0,5,0,0,10,0,0,0,0,0,0,0,0,0.1,0,0,0,0,0,0,0,0,0,0,0,0,0
"298","QUA002_2022 Q3",0,3,0,0,25,0,0,5,0,0,15,0,0,0,0,0,0,0,0,0,0,0,0,0,3,0,0,0,0,0,0,0,0
"299","QUA002_2022 Q4",0,4,0,0,45,0,0,0,0,0,0,0,0,0,0,0,0,0,0,0,0,0,0,0,0,0,0,0,0,0,0,0,0
"300","QUA002_2022 Q5",0,0,0,0,30,0,0,2,0,0,20,0,0,0,0,0,0,0,0,0,0,0,0,0,0,0,0,0,0,0,0,0,0
"301","BOB010_2021 Q1",0,0,0,0,0,0,0,12,0,0,50,0,0,0,0,0,0,0,0,0.3,0,0,0,0,0,0,0,0,0,0,0,0,0
"302","BOB010_2021 Q2",0,0,0,0,0,1,0,2,0,0,8,0,0,0,0,0,0,0,0,1.2,0,0.4,0,0,0,0,0,0,0,0,0,0,0
"303","BOB010_2021 Q3",0,8,0.5,0,0,0,0,20,0,0,15,0,0,0.5,0,0,0,0,0,0.3,0,0.2,0,0,0,0,0,0,0,0,0,0,0
"304","BOB010_2021 Q4",0,5,0.9,0,0,0,0,1.5,0,0,24,0,0,1,0,0,0.3,0,0,0.2,0,0.2,0,0,0,0,0,0,0,0,0,0,0
"305","BOB010_2021 Q5",0,0,0,0,0,0.3,0,2.2,0,0,25,0,0,0,0,0,0,0,0,0,0,0.5,0,0,0,0,0,0,0,0,0,0,0
"306","BOB014_2022 Q1",0,3,0,0,0,4,0,4,0,0,0,0,0,30,0,0,0,0,0,0,0,0,0,0,1,0,0,0,0,0,0,0.1,0
"307","BOB014_2022 Q2",0,0.2,0,0,0,2,0.5,8,0,0,0.1,0,0,30,0,0,0,0,0,0,0,0,0,0,0,0,0,0,0,0,0,0,0
"308","BOB014_2022 Q3",0,0,0,0,0,20,0.3,7,0.1,0,0,0,0,30,0,0,0,0,0,0,0,0,0,0,0,0,0,0,0,0,0,0.2,0
"309","BOB014_2022 Q4",0,10,0,0,0,40,0,3,0,0,0,0,0,30,0,0,0,0,0,0,0,0,0,0,0.1,0,0,0,0,0,0,0.4,0
"310","BOB014_2022 Q5",0,0,0,0,0,10,0,0,0,0,0,0,0,20,0,0,0.1,0,0,0,0,0.1,0,0,0,0,0,0,0,0,0,3,0
"311","BOB003_2021 Q1",0,5,0,0,0,0.1,0,1,0,0,0,0,0,5,0,0,0,0,0,3.5,0,0.5,0,0,0,0,0,0,0.3,0,0,0,0
"312","BOB003_2021 Q2",0,3,0,0,0,0.2,0,0,0,0,0,0,0,12,0,0,0,0,0,5,0,0,0,0,0,0,0,0,0,0,0,0,0
"313","BOB003_2021 Q3",0,27,0,0,0,1.1,0,5,0,0,10,0,0,0.5,0,0,0,0,0,0.3,0,0,0,0,0,0,1,0,0,0,0,0,0
"314","BOB003_2021 Q4",0,19,0,0,0,0,0,0,0,0,0,0,0,8,0,0,0,0,0,0.3,0,0,0,0,0,0,3,0,0,0,0,0,0
"315","BOB003_2021 Q5",0,0,0,0,0,1.5,0,4,0,0,0,0,0,5,0,0,0.1,0,0,2,0,0,0,0,0,0,0,0,0,0,0,0,0
"316","CCC010_2022 Q1",0,0,0,1,0.5,0,0,0,0,0,0,0,0,70,0,0.2,0,0,0,2,0,0,0,0,0,0,0,0,0,0,0.5,0.5,0
"317","CCC010_2022 Q2",0,4,0,0,0.1,0.2,0,0,0,0,0,0,0,55,0,0,0,0,0,0,0,0,0,0,0,0,0,0,0,0,0,2,0
"318","CCC010_2022 Q3",0,0.2,0,0,0,1,0,0,0,0,0,0,0,85,0,0,0,0,0,0.5,0,0,0,0,0,0.3,0,0,0,0,0,0,0
"319","CCC010_2022 Q4",0,0,0,0,0,2,0,0,0,0,0,0,0,50,0,0.1,0,0,0,0,0,0,0,0,0,0.1,0,0,0,0,0,1.5,0
"320","CCC010_2022 Q5",0,0,0,0,0,0,0,0,0,0,0,0,0,6,0,0,0,0,0,1,0.1,0,0,0,0,2,0,0,0,0,0,0.5,0
"321","BOB015_2021 Q1",0,8,0,0,0,0,3,2,0,0,0,0,0,45,0,0,0,0,0,0.4,0,0.5,0,0,0,0,0,0,0,0,0,0.3,0
"322","BOB015_2021 Q2",0,4.5,0,0,0,0.1,0.8,3.5,0,0,0,0,0,34,0,0,0,0,0,0,0,0.3,0,0,0,0,0,0,0.1,0,0,0.2,0
"323","BOB015_2021 Q3",0,8,0,0,0,0,0,4,0,0,0,0,0,38,0,0,0.1,0,0,0.6,0,0.6,0,0,0,0,0,0,0,0,0,0.2,0
"324","BOB015_2021 Q4",0,0,0,0,0,5,0,0,0,0,0,0,0,4,0,0,24,0,0,0,0,0,0,0,0,0,0,0,0,0,0,0,0
"325","BOB015_2021 Q5",0,0,0,0,0,0,0,0.3,0,0,0,0,0,35,0,0,0,0,0,0,0,0,0,0,0,0,0,0,0,0,0,0.3,0
"326","BOB008_2021 Q1",0,21,0,0,0,3,0.1,0.5,0,0,0,0,0,0,0,0,0,0,0,0,0,0,0,0,0,0.1,0,0,0,0,0,0.3,0
"327","BOB008_2021 Q2",0,0,0,0,0,2.5,0,0,0,0,0,0,0,1,0,0,0,0,0,0,0,0,0,0,0,0,0,0,0,0,0,0.6,0
"328","BOB008_2021 Q3",0,9,0,0,0,4,0.6,0,0,0,0,0,0,11,0,0,0,0,0,0,0,0,0,0,0,0,0,0,0,0,0,0,0
"329","BOB008_2021 Q4",0,0,0,0,0,0.3,0,0,0,0,0,0,0,0,0,0,0,0,0,0,0,0,0,0,0,0,0,0,0,0,0,0,0
"330","BOB008_2021 Q5",0,0,0,0,0,0,0,0,0,0,0,0,0,1.5,0,0,0.2,0,0,0,0,0,0,0,0,0,0,0,0,0,0,0.1,0
"331","QUA005_2022 Q1",0,0.3,0,0,0,0,0,25,0,0,0,0,0,0,0,0,0,0,0,0,0,0,0,0,0,0,0,0,2,0,0,0,0
"332","QUA005_2022 Q2",0,15,0,0,0,0.3,0,0.5,0,0,1,0,0,0,0,0,0,0,0,0,0,0,0.3,0,0,0,0,0,0,0,0,0,0
"333","QUA005_2022 Q3",0,40,0,0,0,0.2,0,35,0,0,5,0,0,0,0,0,0,0,0,0,0,0,0,0,0,0,0,0,0,0,0,0,0
"334","QUA005_2022 Q4",0,0,0,0,0,0,0,0,0,0,25,0,0,0,0,0,0,0,0,0,0,0,0.1,0,0,0,0,0,0,0,0,0,0
"335","QUA005_2022 Q5",0,0,0,0,0,0,0,30,0,0,5,0,0,0,0,0,0,0,0,0,0,0,0,0,0,0,0,0,0,0,0,0,0
"336","CCC002_2022 Q1",0,0,0,0,0,0,0,0,0,0,0,0,0,0,0,0,0,0,0,0,0,0,0,0,0,0,0,0,0,0,0,1,0
"337","CCC002_2022 Q2",0,1,0,0,0,0,0,0,0.5,0,0,0,0,45,0,1,0,0,0,0,0,0,0,0,0.5,0,0,0,0,0,0,3,0
"338","CCC002_2022 Q3",0,0,0,0,0,0,0,0,0,0,0,0,0,3,0,1.5,0,0,0,0,2,0,0,0,0.1,0,0,0,0,0,0,0.5,0
"339","CCC002_2022 Q4",0,0,0,0,0,0,0,0,0,0,0,0,0,40,0,0,0,0,0,0,0,0,0,0,0,0,0,0,0,0,0,0,0
"340","CCC002_2022 Q5",0,0,0,0,0,0,0,0,4,0,0,0,0,30,0,0,0,0,0,0,0,0,0,0,0,0,0,0,0,0,0,1,0
"341","COL007_2021 Q1",0,0.1,0,0,0,35,0,2,0,0,3,0,0,0,0,0,0,0,0,0,0,0,0,0,0,0,0,0,0,0,0,0,0
"342","COL007_2021 Q2",0,0,0,0,0.5,5,0,15,0,0,1,0,0,0,0,0,0,0,0,0.05,0,0,0,0,0,0,0,0,0,0,0,0,0
"343","COL007_2021 Q3",0,0,0,0,0,2,0,10,0,0,4,0,0,0,0,0,0,0,0,0,0,0,0,0,0.5,0,0,0,0,0,0,0,0
"344","COL007_2021 Q4",0,0,0,0,0,5,0,5,0,0,2,0,0,0.1,0,0,0,0,0,0,0,0,0,0,0,0,0,0,0,0,0,0,0
"345","COL007_2021 Q5",0,0,0,0,0,5,0,1,0,0,1,0,0,0,0,0,0,0,0,0,0,0,0,0,0,0,0,0,0,0,0,0,0
"346","BOB007_2022 Q1",0,35,0,0,50,1,0,0,0,0,0,0,0,30,0,0,0,0,0,1.5,0,0,0,0,0,0,0,0,0,0,0,0.3,2
"347","BOB007_2022 Q2",0,0,0,0,0,35,0,0,0,0,0,0,0,0,0,0,0,0,0,0,0,0,0,0,0,0,0,0,0,0,0,2,1
"348","BOB007_2022 Q3",0,0,0,0,0,40,0.5,0,0,0,0,0,0,35,0,0,0,0,0,0,0,0,0,0,0,0,0,0,0,0,0,1.5,1
"349","BOB007_2022 Q4",0,0,0,0,0,0,5,0,0,0,0,0,0,50,0,0,0,0,0,1,0,0.1,0,0,0,0,0,0,1,0,0,1.6,0
"350","BOB007_2022 Q5",0,0,0,0,0,0,0.5,5,0,0,0,0,0,45,0,0,0,0,0,11,0,0,0,0,0,0,0,0,0,0,0,1,4
"351","BOB008_2022 Q1",0,65,0,0,0,12,0.5,3,0,0,0,0,0,0,0,0,0,0,0,0,0,0,0,0,0,1,0,0,0,0,0,2,0
"352","BOB008_2022 Q2",0,0,0,0,0,30,4,0,0,0,0,0,0,50,0,0,0,0,0,0,0,0,0,0,2,0,0,0,0,0,0,8,0
"353","BOB008_2022 Q3",0,0,0,0,0,55,3,0,0,0,0,0,0,35,0,0,0,0,0,0,0,0,0,0,0.1,0,0,0,0,0,0,12,0
"354","BOB008_2022 Q4",0,0,0,0,0,25,4,0,0,0,0,0,0,0,0,0,0,0,0,0,0,0,0,0,1,0,0,0,0,0,0,35,0
"355","BOB008_2022 Q5",0,0,0,0,0,0,0,0,0,0,0,0,0,45,0,0,0,0,0,0,0,0,0,0,0,0,0,0,0,0,0,12,0
"356","QUA008_2021 Q1",0,0,0,0,0,0,0,0,0,0,0,0,0,0,0,0,0,0,0,0,0,0,0,0,0,0,0,0,0,0,0,0,0
"357","QUA008_2021 Q2",0,0,1,0,0,0,0,0,0,0,0,0,0,0,0,0,0,0,0,0,0,0,0,0,0,0,0,0,0,0,0,0,0
"358","QUA008_2021 Q3",0,0,0,0,0,0,0,0,0,0,0,0,0,0,0,0,0,0,0,0,0,0,0,0,0,0,0,0,0,0,0,0,0
"359","QUA008_2021 Q4",0,0,10,0,0,0,0,0,0,0,0,0,0,0,0,0,0,0,0,0,0,0,10,0,0,0,0,0,0,0,0,0,0
"360","QUA008_2021 Q5",0,0,0,0,0,0,0,0,0,0,0,0,0,0,0,0,0,0,0,0,0,0,0,0,0,0,0,0,0,0,0,0,0
"361","COL014_2021 Q1",0,0,0,0,0.5,0,0,0,0,0,0,0,0,0,0,0,1,0,0,0,0,0,0,0,0,0,0,0,0,0,0,0,0
"362","COL014_2021 Q2",0,0,0,0,0,0,0,0,0,0,0,0,0,0,0,0,0,0,0,0,0,0,0,0,0,0,0,0,0,0,0,0,0
"363","COL014_2021 Q3",0,0,0,0,0,0,0,0,0,0,0,0,0,0,0,0,0,0,0,0,0,0,0,0,0,0,0,0,0,0,0,0,0
"364","COL014_2021 Q4",0,0,0.05,0,0,0,0,0,0,0,0,0,0,0,0,0,0.05,0,0,0,0,0,0,0,0,0,0,0,0,0,0,0,0
"365","COL014_2021 Q5",0,0,0,0,0,0,0,0,0,0,0,0,0,0,0,0,2,0,0,0,0,0,0,0,0,0,0,0,0,0,0,0,0
"366","QUA005_2021 Q1",0,0,0.05,0,0,0,0,0,0,0,0,0,0,0,0,0,0,0,0,0,0,0,1,0,0,0,0,0,0,0,0,0,0
"367","QUA005_2021 Q2",0,0,0,0,0,0,0,0,0,0,0,0,0,0,0,0,0,0,0,0,0,0,0,0,0,0,0,0,0,0,0,0,0
"368","QUA005_2021 Q3",0,0,10,0,0,0,0,1,0,0,0,0,0,0,0,0,0,0,0,0,0,0,4,0,0,0,0,0,0,0,0,0,0
"369","QUA005_2021 Q4",0,0,0,0,0,0,0,0,0,0,0,0,0,0,0,0,0,0,0,0,0,0,0,0,0,0,0,0,0,0,0,0,0
"370","QUA005_2021 Q5",0,0,5,0,0,0,0,0,0,0,0,0,0,0,0,0,0,0,0,0,0,0,0,0,0,0,0,0,0,0,0,0,0
"371","QUA004_2022 Q1",0,0,5,0,0,0,0,0,0,0,0,0,0,0,0,0,0,0,0,0,0,0,0,0,0,0,0,0,0,0,0,0,0
"372","QUA004_2022 Q2",0,0,0.2,0,0,0,0,0,0,0,0,0,0,0,0,0,0,0,0,7,0,0,0,0,0,0,0,0,0,0,0,0,0
"373","QUA004_2022 Q3",0,0,0,0,0,0,0,0,0,0,0,0,0,0,0,0,0,0,0,0,0,0,0,0,0,0,0,0,0,0,0,0,0
"374","QUA004_2022 Q4",0,0,40,0,0,0,0,10,0,0,0,0,0,0,0,0,0,0,0,7,0,0.2,0.2,0,0,0,0,0,0,0,0,0.5,0
"375","QUA004_2022 Q5",0,0,0,0,0,0,0,0,0,0,0,0,0,0,0,0,0,0,0,15,0,0.3,0,30,0,0,0,0,4,0,0,4,0
"376","CCC005_2022 Q1",0,0,0,0,0,10,0,0,0,0,0,0,0,0,0,0,0,0,0,8,10,0,0,0,0,0,0,0,0,0,0,0,0
"377","CCC005_2022 Q2",0,0,0,0,0,1.5,0,0,0,0,0,0,0,10,0,0,0,0,0,6,11,0.5,0,0,2,0,0,0,0,0,0,0,0
"378","CCC005_2022 Q3",0,0,0.1,0,0,50,0,0,0,0,0,0,0,0,0,0,0,0,0,0,0,0,0,0,0,0,0,0,0.2,0,0,0,0
"379","CCC005_2022 Q4",0,0,0,0,0,10,0,0,0,0,7,0,0,0,0,0,0,0,0,0,20,0,0,0,0,0,0,0,4,0,0,0,0
"380","CCC005_2022 Q5",0,0,0,0,0,1,0,0,0,0,0,0,0,0,0,0,0,0,0,0,3,0,0,0,0,0,0,0,0,0,0,0,0
"381","QUA006_2022 Q1",0,0,0.2,0,0,0.2,0,3,0,0,40,0,0,0.2,0,0,0,0,0,0,0,0,1,0,0,0,0,0,0.1,0,0,0,0
"382","QUA006_2022 Q2",0,0,0,0,0,0,0,0,0,0,0,0,0,0,0,0,0,0,0,0,0,0,0,0,0,0,0,0,0,0,0,0,0
"383","QUA006_2022 Q3",0,0,0,0,0,0,0,0,0,0,0,0,0,0,0,0,0,0,0,1,0,0,0,0,0,0,0,0,0,0,0,0,0
"384","QUA006_2022 Q4",0,0,0,0,0,0,0,5,0,0,0,0,0,5,0,0,0,0,0,5,0,0,0.1,0,0,0,0,0,0,0,0,0,4
"385","QUA006_2022 Q5",0,0,0,0,0,0,0,0,0,0,0,0,0,0,0,0,0,0,0,0,0,0,0.2,0,0,0,0,0,0,0,0,0,0
"386","COL014_2022 Q1",0,0,0,50,0,0,0,20,0,0,0,0,0,35,0,0,0,0,0,0,0,0,0,0,0,0,0,0,2.5,0,0,0.5,0
"387","COL014_2022 Q2",0,0,0,0,0,0.1,0,0,0,0,0,0,0,30,0,0.1,0,0,0,0,0,0.1,0,0,0.2,5,0,0,1.5,0,0,3,0
"388","COL014_2022 Q3",0,0,0,0,0,0,0,2,0,0,0,0,0,6,0,0,0,0,0,2.5,2,0,0,0,0,2,0,0,0.5,0,0,0,0
"389","COL014_2022 Q4",0,0,0,0,0,0,0,0,0,0,0,0,0,12,0,0.2,0,0,0,0,0,0.1,0,0,0,1,0,0,1.5,0,0,1,0
"390","COL014_2022 Q5",0,0,0,0,0,0,0,0,0,0,0,0,0,75,0,0.3,0,0,0,0,0,0,0,0,0,2.5,0,0,0,0,0,1.5,0
"391","QUA016_2022 Q1",0,0,0,0,0,0,0,0,0,0,9,0,2.5,0,0,0,0,0,0,0,0,0,0,0,0,0,0,0,0,0,0,0,0
"392","QUA016_2022 Q2",0,0,0,0,0,0,0,1.5,0,0,0,0,5,0,0,0,0,0,0,0,0,0.1,0,0,0,0,0,0,0,0,0,0.3,0
"393","QUA016_2022 Q3",0,0,0,0,0,25,0,0,0,0,7,0,21,0,0,0,0,0,0,0,0,0,0,0,0,0,0,0,2,0,0,0,0
"394","QUA016_2022 Q4",0,0,0,0,6,0,0,5,1.5,0,0,0,80,0,0,0,0,0,0,4,0,0,0,0,0,0,0,0,0.5,0,0,0,0
"395","QUA016_2022 Q5",0,0,0,0,0,0,0,4,0,0,0,0,8,0,0,0,0,0,0,0,0,0,0,0,0,0,0,0,0,0,0,0.1,0
"396","CCC002_2021 Q1",0,0,0,0,0,0,0,0,0,0,0,0,0,0,0,0,0,0,0,0,0,0,0,0,0,0,0,0,0,0,0,0.1,0
"397","CCC002_2021 Q2",0,0,0,0,0,0.5,0,0,0,0,0,0,0,4,0,0,0,0,0,0,0,0,0,0,0,0,0,0,0,0,0,0,0
"398","CCC002_2021 Q3",0,0,0,0,0,0,0,0,0,0,0,0,0,0.1,0,0,0,0,0,0,0,0,0,0,0,0,0,0,0,0,0,0,0
"399","CCC002_2021 Q4",0,0,0,0,0,0,0,0,0,0,0,0,0,1.3,0,0,0,0,0,0,0,0,0,0,0,0,0,0,0,0,0.1,0,0
"400","CCC002_2021 Q5",0,0,0,0,0,0,0,0,0,0,0,0,0,0.5,0,0,0,0,0,0,0,0,0,0,0,0,0,0,0,0,0,0,0
"401","QUA022_2021 Q1",0,0,0,0,0,0,0,0,0,0,0,0,0,0,0,0,0,0,0,0,0,0,0,0,0,0,0,0,0,0,0,0,0
"402","QUA022_2021 Q2",0,0,0,0,0,0,0,0,0,0,0,0,0,0,0,0,0,0,0,0,0,0,0,0,0,0,0,0,0,0,0,0,0
"403","QUA022_2021 Q3",0,0,0,0,0,0.1,0,0,0,0,0,0,0,0,0,0,0,0,0,0,0,0,0,0,0,0,0,0,0,0,0,0,0
"404","QUA022_2021 Q4",0,0,0,0,0,0.05,0,0,0,0,0,0,0,0,0,0,0,0,0,0,0,0,0,0,0,0,0,0,0,0,0,0,0
"405","QUA022_2021 Q5",0,0,0,0,0,0,0,0,0,0,0,0,0,0,0,0,0,0,0,0,0,0,0,0,0,0,0,0,0,0,0,0,0
"406","CCC004_2022 Q1",0,0,0,0,0,0,0,0,10,0,0,0,0,0,0,0,0,0,0,0,0,0,0,0,0,0,0,0,0,0,0,0,0
"407","CCC004_2022 Q2",0,0,0,0,0,0,0,0,5,0,0,0,0,15,0,0,0,0,0,3,0,0,0,0,0,0,0,0,0,0,0,0,0
"408","CCC004_2022 Q3",0,0,0,0,0,0.5,0,0,1,0,0,0,0,0.2,0,0,0,0,0,0,0,0,0,0,0,0,0,0,0,0,0,0,0
"409","CCC004_2022 Q4",0,0,0,0,0,2,0,0,2,0,0,0,0,0.5,0,0,0,0,0,0,0,0,0,0,0,0,0,0,0,0,0,0,0
"410","CCC004_2022 Q5",0,0,0,0,0,0.3,0,0,6,0,0,0,0,0,0,0,0,0,0,0,0,0,0,0,0,0,0,0,0,0,0.5,0,0
"411","BOB014_2021 Q1",0,0,0,0,0,1,0,0,0,0,0,0,0,0.5,0,0,2.5,0,0,0,0,0,0,0,0,0,0,0,0,0,0,0,0
"412","BOB014_2021 Q2",0,0,0,0,0,0,0,0.5,0,0,0,0,0,13,0,0,1.5,0,0,0.5,0,0,0,0,0,0,0,0,0,0,0,0,0.3
"413","BOB014_2021 Q3",0,0,0,0,0,3,1,5,0.1,0,0,0,0,45,0.1,0,4,0,0,0,0,0.1,0,0,0,0,0,0,0,0,0,0,0
"414","BOB014_2021 Q4",0,0,0,0,0,1,0.1,0,0,0,0,0,0,5,3,0,0,0,0,0,0,0,0,0,0,0,0,0,0,0,0,1,0
"415","BOB014_2021 Q5",0,0,0,0,0,1,0,0,0,0,0,0,0,0.5,0,0,0,0,0,0,0,0,0,0,0,0,0,0,0,0,0,0.4,0
"416","QUA011_2022 Q1",0,0,0,0,0,6,0,0,0,0,0,0,0,0,0,0,0,0,0,7,0,0,0,0,0,0,0,0,0,0,0,0,0
"417","QUA011_2022 Q2",0,0,0,0,0,0,0,0,0,0,0,0,0,0,0,0,0,0,0,1,0,0,0,0,0,0,0,0,0,0,0,0,0
"418","QUA011_2022 Q3",0,0,0,0,0,0,0,2,0,0,0,0,0,0,0,0,0,0,0,5,0,2,0,0,0,0,0,0,0,0,0,0,0
"419","QUA011_2022 Q4",0,0,0,0,0,0,0,0,0,0,0,0,0,0,0,0,0,0,0,5,0,0,0.1,0,0,0,0,0,1,0,0,0,0
"420","QUA011_2022 Q5",0,0,0,0,0,2,0,5,0,0,50,0,0,0,0,0,0,0,0,1,0,0,0,0,0.1,0,0,0,0,0,0,0,0
"421","QUA024_2022 Q1",0,0,0,0,0,0,0,0,0,0,0,0,0.1,0,0,0,0,0,0,1,0,0.1,0,0,0,0,0,0,2,0,0,0.5,0
"422","QUA024_2022 Q2",0,0,0,0,0,35,0,5,0,0,0,0,0,0,0,0,0,0,0,4,0,0,0,0,0,0,0,0,0,0,0.2,0,0
"423","QUA024_2022 Q3",0,0,0,0,0,15,0,2,0,0,2,0,0,0,0,15,0,0,0,2,0,0.1,0,0,2,0,0,0,0,0,0,0.2,0
"424","QUA024_2022 Q4",0,0,0,0,0,1,0,3,0,0,0,0,0,0,0,0,0,0,0,0,0,0,0,0,0.5,0,0,0,4,0,0,0,0
"425","QUA024_2022 Q5",0,0,0,0,0,5,0,0.1,0,0,0,0,0,0,0,0,0,0,0,0,0,0,0,0,0,0,0,0,0.5,0,0,0,0
"426","BOB009_2021 Q1",0,0,0,0,0,0,0,0.5,0,0,40,0,0,5,0,0,2,0,0,0.5,0,0.4,0,0,0,0,0,0,0.3,0,0,0,0
"427","BOB009_2021 Q2",0,0,0,0,0,0.2,0,0,0,0,44,0,0,4,0,0,0,0,0,2.2,0,2,0,0,0,0,0,0,0.5,0,0,0,0
"428","BOB009_2021 Q3",0,0,0,0,0,1,0,1,0,0,17,0,0,2,0,0,0,0,0,2.4,0,0.5,0,0.5,0,0,0,3.5,0,0,0,0,0.1
"429","BOB009_2021 Q4",0,0,0,0,0,1.8,0,18,0,0,5,0,0,0,0,0,0,0,0,3.5,0,0,0,0,0,0,0,0,0,0,0,0,0.5
"430","BOB009_2021 Q5",0,0,0,0,0,5,0,6,0,0,40,0,0,0.5,0,0,0,0,0,2,0,0,0,0,0,0,0,0,0.8,0,0,0,2
"431","COL012_2021 Q1",0,0,0,0,0,20,0,0,0,0,40,0,0,0,0,0,0,0,0,0,0,0,0,0,0.05,0,0,0,0.05,0,0,0,0
"432","COL012_2021 Q2",0,0,0,0,0,50,0,0.5,0,0,10,0,0,0,0,0,50,0,0,0.05,0,0,0,0,0,0,0,0,0.05,0,0,0,0
"433","COL012_2021 Q3",0,0,0,0,0,20,0,0.05,0,0,10,0,0,0,0,0,0,0,0,0,0,0,0,0,0.05,0,0,0,0.05,0,0,0,0
"434","COL012_2021 Q4",0,0,0,0,0,0,0,0,0,0,0,0,0,0,0,0,0,0,0,0,0,0.1,0,0,0.05,0,0,0,0,0,0,0.1,0
"435","COL012_2021 Q5",0,0,0,0,0,20,0,0,0,0,0,0,0,0,0,0,0,0,0,0.5,0,0,0,0,0,0,0,0,0,0,0,0,0
"436","QUA015_2022 Q1",0,0,0,0,0,5,0,0,0,0,4.5,0,0,0,0,0,0,0,0,5,0,0,0.1,0,0,0,0,0,0,0,0,0,0
"437","QUA015_2022 Q2",0,0,0,0,0,7,0,0,0,0,0,0,5,0,0,0,0,0,0,0,0,0,0,0,0,0,0,0,0,0,0,0,0
"438","QUA015_2022 Q3",0,0,0,0,0,0,0,4,0,0,1,0,1,0,0,0,0,0,0,2,0,1,0,0,0,0,0,0,0,0,0,0,0
"439","QUA015_2022 Q4",0,0,0,0,0,20,0,3,0,0,50,0,0,27,0,0,0,0,0,1,0,0,0,0,0,0,0,0,0,0,0,0,0
"440","QUA015_2022 Q5",0,0,0,0,0,40,0,2.5,0.5,0,30,0,0,30,0,0,0,0,0,0,0,0,0,0,0,0,0,0,0,0,0,0,0
"441","QUA021_2022 Q1",0,0,0,0,0,0,0,0,2,0,0,0,2,0,0,0,0,0,0,0,0,0,0,0,0,0,0,0,0,0,0,0,0
"442","QUA021_2022 Q2",0,0,0,0,0,5,0,0.3,15,0,0,0,0,0,0,0,0,0,0,11,0,0,0,0,0,0,0,0,0,0,0,0.1,0
"443","QUA021_2022 Q3",0,0,0,0,0,0,0,0,50,0,0,0,5,0,0,0,0,0,0,0,0,0,0,0,0.1,0,0,0,0.5,0,0,0,0
"444","QUA021_2022 Q4",0,0,0,0,0,15,0,0,3,0,0,0,0,50,0,0,0,0,0,0,0,0,0,0,0,0,0,0,5,0,0,0.3,0
"445","QUA021_2022 Q5",0,0,0,0,0,0,0,0,0,0,0,0,0,4,0,0,0,0,0,1,0,0,0,0,0,0,0,0,0,0,0,0.1,0
"446","CCC004_2021 Q1",0,0,0,0,0,0,0,0,0,0,0,0,0,0,0,0,0,0,0,0,0,0,0,0,0,0,0,0,0,0,0,0,0
"447","CCC004_2021 Q2",0,0,0,0,0,0.2,0,0,0,0,0,0,0,0,0,0,0,0,0,0,0,0,0,0,0,0,0,0,0,0,0,0,0
"448","CCC004_2021 Q3",0,0,0,0,0,0,0,0,0,0,0,0,0,0,0,0,0,0,0,0,0,0,0,0,0,0,0,0,0,0,0,0,0
"449","CCC004_2021 Q4",0,0,0,0,0,0,0,0,0,0,0,0,0,0,0,0,0,0,0,0,0,0,0,0,0,0,0,0,0,0,0,0,0
"450","CCC004_2021 Q5",0,0,0,0,0,0,0,0,0,0,0,0,0,0,0,0,0,0,0,0,0,0,0,0,0,0,0,0,0,0,0.4,0,0
"451","QUA025_2022 Q1",0,0,0,0,0,2,0,0.1,0,0,0,0,0,0,0,0,0,0,0,5,0,0,0,0,0,0,0,0,1.5,0,0,2,0
"452","QUA025_2022 Q2",0,0,0,0,0,0,0,0,0,0,0.1,0,0,0,0,0,0,0,0,0,0,0,0,0,0,0,0,0,0,0,0,0,0
"453","QUA025_2022 Q3",0,0,0,0,0,0,0,0,0,0,0,0,0,0,0,0,0,0,0,0,0,0,0,0,0,0,0,0,0,0,0,0,0
"454","QUA025_2022 Q4",0,0,0,0,0,0,0,0,0,0,0,0,0,0,0,0,0,0,0,0,0,0,0,0,0,0,0,0,0,0,0,0,0
"455","QUA025_2022 Q5",0,0,0,0,0,0,0,0,0,0,0,0,0,0,0,0,0,0,0,4,0,0,0,0,0,0,0,0,1,0,0,0,0
"456","QUA001_2021 Q1",0,0,0,0,0,0,0,0,0,0,0.05,0,0,0,0,0,0,0,0,0,0,0,0,0,0,0,0,0,0,0,0,0,0
"457","QUA001_2021 Q2",0,0,0,0,0,0,0,0,0,0,0.05,0,0,0,0,0,0,0,0,0,0,0,0,0,0,0,0,0,0,0,1,0,0
"458","QUA001_2021 Q3",0,0,0,0,0,0,0,2,0,0,0,0,0,0,0,0,0,0,0,0,0,0,0.05,0,0,0,0,0,0,0,0,0,0
"459","QUA001_2021 Q4",0,0,0,0,0,0,0,0,0,0,0.5,0,0,0,0,0,0,0,0,0,0,0,0,0,0,0,0,0,0,0,0,0,0
"460","QUA001_2021 Q5",0,0,0,0,0,0,0,0,0,0,4,0,0,0,0,0,0,0,0,0,0,0,0,0,0,0,0,0,0,0,0,0,0
"461","QUA009_2022 Q1",0,0,0,0,0,0,0,0,0,0,0,0,0,0,0,0,0,0,0,0,0,0,0,0,0,0,0,0,0,0,0,0,0
"462","QUA009_2022 Q2",0,0,0,0,0,0,0,0,0,0,0,0,0,0,0,0,0,0,0,1.5,0,0,0,0,0,0,0,0,0,0,0,0,0
"463","QUA009_2022 Q3",0,0,0,0,0,0,0,0,0,0,0,0,0,0,0,0,0,0,0,0,0,0,0,0,0,0,0,0,0,0,0,0,0
"464","QUA009_2022 Q4",0,0,0,0,0,0,0,4,0,0,0,0,0,0,0,0,0,0,0,0,0,0,0,0,0,0,0,0,0,0,0,0,0
"465","QUA009_2022 Q5",0,0,0,0,0,0,0,3,0,0,20,0,0,0,0,0,0,0,0,0,0,0,0,0,0,0,0,0,0,0,0,0,0
"466","CCC003_2022 Q1",0,0,0,0,0,0,0,0.7,0,0,0,0,0,0,0,0,0,0,0,0,1.2,0,0,0,0,0,0,0,0,0,0,0,0
"467","CCC003_2022 Q2",0,0,0,0,0,0,0,0,0,0,0,0,0,0,0,0,0,0,0,0,0,0,0,0,0,0,0,0,0,0,0,0,0
"468","CCC003_2022 Q3",0,0,0,0,0,0,0,1,0,0,4,0,0,0,0,0,0,0,0,0,0,0,0,0,0,0,0,0,0,0,0,0,0
"469","CCC003_2022 Q4",0,0,0,0,0,0,0,0,0,0,0,0,0,0,0,0,0,0,0,0,0,0,0,0,0,0,0,0,0,0,0,0,0
"470","CCC003_2022 Q5",0,0,0,0,0,0,0,0,0,0,0,0,0,0,0,0,0,0,0,0,3,0,0,0,0,0,0,0,0,0,0,0,0
"471","QUA006_2021 Q1",0,0,0,0,0,0,0,0,0,0,0.5,0,0,0.05,0,0,0,0,0,0,0,0,7,0,0,0,0,0,0,0,0,0,0
"472","QUA006_2021 Q2",0,0,0,0,0,0,0,0,0,0,0,0,0,0,0,0,0,0,0,0,0,0,0,0,0,0,0,0,0,0,0,0,0
"473","QUA006_2021 Q3",0,0,0,0,0,0,0,0,0,0,0,0,0,0,0,0,0,0,0,0,0,0,0,0,0,0,0,0,0,0,0,0,0
"474","QUA006_2021 Q4",0,0,0,0,0,0,0,0,0,0,0,0,0,0,0,0,0,0,0,0,0,0,0,0,0,0,0,0,0,0,0,0,0
"475","QUA006_2021 Q5",0,0,0,0,0,0,0,0,0,0,0,0,0,0,0,0,0,0,0,0,0,0,0,0,0,0,0,0,0,0,0,0,0
"476","QUA020_2021 Q1",0,0,0,0,0,0,0,0,0,0,0,0,0,0,0,0,0,0,0,0,0,0,0,0,0,0,0,0,0,0,0,0,0
"477","QUA020_2021 Q2",0,0,0,0,0,0,0,0,0,0,0,0,0,0,0,0,0,0,0,0,0,0,0,0,0,0,0,0,0,0,0,0,0
"478","QUA020_2021 Q3",0,0,0,0,0,0,0,0,0,0,1,0,0,0,0,0,0,0,0,0,0,0,0,0,0,0,0,0,0,0,0,0,0
"479","QUA020_2021 Q4",0,0,0,0,0,0,0,0,0,0,0,0,1,0,0,0,0,0,0,0,0,0,0,0,0,0,0,0,0,0,0,0,0
"480","QUA020_2021 Q5",0,0,0,0,0,0,0,0,0,0,0,0,1,0,0,0,0,0,0,0,0,0,0,0,0,0,0,0,0,0,0,0,0
"481","QUA021_2021 Q1",0,0,0,0,0,0,0,0,0,0,0,0,0,0,0,0,0,0,0,0,0,0,0,0,0,0,0,0,0,0,0,0,0
"482","QUA021_2021 Q2",0,0,0,0,0,0,0,0,0,0,0,0,0,0,0,0,0,0,0,0,0,0,0,0,0,0,0,0,0,0,0,0,0
"483","QUA021_2021 Q3",0,0,0,0,0,0,0,0,0,0,0,0,0,0,0,0,0,0,0,0,0,0,0,0,0,0,0,0,0,0,0,0,0
"484","QUA021_2021 Q4",0,0,0,0,0,0,0,0,0,0,0,0,0,0,0.5,0,0,0,0,0,0,0,0,0,0,0,0,0,0,0,0,0,0
"485","QUA021_2021 Q5",0,0,0,0,0,0,0,0,0,0,0,0,0,0,0,0,0,0,0,0,0,0,0,0,0,0,0,0,0,0,0,0,0
"486","CCC005_2021 Q1",0,0,0,0,0,0,0,0,0,0,0,0,0,0,0,0,0,0,0,0,0,0,0,0,0,0,0,0,0,0,0,0,0
"487","CCC005_2021 Q2",0,0,0,0,0,0,0,0,0,0,0,0,0,0,0,0,0,0,0,0,0,0,0,0,0,0,0,0,0,0,0,0,0
"488","CCC005_2021 Q3",0,0,0,0,0,0,0,0,0,0,0,0,0,0,0,0,0,0,0,0,0,0,0,0,0,0,0,0,0,0,0,0,0
"489","CCC005_2021 Q4",0,0,0,0,0,0,0,0,0,0,0,0,0,0,0,0,0,0,0,0,0,0,0,0,0,0,0,0,0,0,0,0,0
"490","CCC005_2021 Q5",0,0,0,0,0,0,0,0,0,0,0,0,0,0,0,0,2,0,0,0,0,0,0,0,0,0,0,0,0,0,0,0,0
"491","CCC006_2022 Q1",0,0,0,0,0,0,0,0,0,0,0,0,0,0,0,0,0,0,0,0.5,1,0,0,0,0,0,0,0,0,0,0,0,0
"492","CCC006_2022 Q2",0,0,0,0,0,0,0,0,0,0,0,0,0,0,0,0,0,0,0,0,0,0,0,0,0,0,0,0,0,0,0,0,0
"493","CCC006_2022 Q3",0,0,0,0,0,0,0,0,0,0,0,0,0,0,0,0,0,0,0,0,0,0,0,0,0,0,0,0,0,0,0,0,0
"494","CCC006_2022 Q4",0,0,0,0,0,0,0,0,0,0,0,0,0,0,0,0,0,0,0,0,0,0,0,0,0,0,0,0,0,0,0,0,0
"495","CCC006_2022 Q5",0,0,0,0,0,0,0,0,0,0,0,0,0,0,0,0,0,0,0,0,0,0,0,0,0,0,0,0,0,0,0,0,0
"496","QUA004_2021 Q1",0,0,0,0,0,0,0,0,0,0,0,0,0,0,0,0,0,0,0,0,0,0,0,0,0,0,0,0,0,0,0,0,0
"497","QUA004_2021 Q2",0,0,0,0,0,0,0,0,0,0,0,0,0,0,0,0,0,0,0,0,0,0,0,0,0,0,0,0,0,0,0,0,0
"498","QUA004_2021 Q3",0,0,0,0,0,0,0,0,0,0,0,0,0,0,0,0,0,0,0,0,0,0,0,0,0,0,0,0,0,0,0,0,0
"499","QUA004_2021 Q4",0,0,0,0,0,0,0,0,0,0,0,0,0,0,0,0,0,0,0,0,0,0,0.05,0,0,0,0,0,0,0,0,0,0
"500","QUA004_2021 Q5",0,0,0,0,0,0,0,0,0,0,0,0,0,0,0,0,0,0,0,0,0,0,0,1,0,0,0,0,0,0,0,0,0
"501","QUA016_2021 Q1",0,0,0,0,0,0,0,0,0,0,0,0,0,0,0,0,0,0,0,0,0,0,0,0,0,0,0,0,0,0,0,0,0
"502","QUA016_2021 Q2",0,0,0,0,0,0,0,0,0,0,0,0,0,0,0,0,0,0,0,0,0,0,0,0,0,0,0,0,0,0,0,0,0
"503","QUA016_2021 Q3",0,0,0,0,0,0,0,0,0,0,0,0,0,0,0,0,0,0,0,0,0,0,0,0,0,0,0,0,0,0,0,0,0
"504","QUA016_2021 Q4",0,0,0,0,0,0,0,0,0,0,0,0,0,0,0,0,0,0,0,0,0,0,0,0,0,0,0,0,0,0,0,0,0
"505","QUA016_2021 Q5",0,0,0,0,0,0,0,0,0,0,0,0,0,0,0,0,0,0,0,0,0,0,0.05,0,0,0,0,0,0,0,0,0,0
