"","plot_year","ACMGLA","ACMWRA","ADFA","ASTGAM","EMMPEN","ERICAL","TRIMIC","UROLIN","ACMBRA","TRIBIF","ALLGIL","CALBRE","CHLPOM","FESOCT","NEMHET","CALMEN","CYNGRA","DAUPUS","GALAPA","MARWAT","MIMAUR","PHADIS","RANHEB","SANCRA","TRILAX","CRACON","HESMIC","LEPCAL","MARFAB","AMSMEN","EPIBRA","PENTRI","THYCUR","ERILAN","LOGFIL","CRYPTANTHA","MADGRA","LUPNAN","CALPUR","CLAPAR","DICVOL","ESCCAE","FESMIC","GALPOR","HEAR","TOXDIV","TOXFRE","MADSAT","ANTVEX","CLELAS","NEMMEN","POASEC","QUWI","SYMMOL","CALAMA","CAROLI","FRADIP","KOEMAC","SILANT","STILEP","DIPCAP","APIANG","RAFCAL","AGOGRA","LUPSUC","STIPUL","TRICIL","ACMAME","SALCOL","CLAUNG","COLGRA","MICCAL","PLECTRITIS","RIBMAL","YABMIC","CLAPUR","LEPBIC","MELICA","CEACUN","QUEBER","COLSPA","APHOCC","CASATT","SOLXAN","CEAOLI","COLHET","GITSPE","PRIHEN","MADELE","ARCMAN","DESDAN","HELCAL","HOLDIS","MONVIL","PIPERIA","ACHMIL","AESCAL","DICFOR","BRODIEA","CAMINT","PHAIMB","PLAERE","TRIMIC2","CLACON","CAULAS","GILCAP","CALSPL","STRGLA","LATVES","ATHPUS","CERBET","CLAGRA","LOMUTR","WYEANG","CASAFF","MELIMP","SANBIP","ASCSOL","COLLINSIA","EPIMIN","RHAILI","ERINUD","TRIWIL","ERIDAS","MADIA","PELMUC","CLARKIA","SYMALB","PELAND","SCRCAL","CROSCO","MELTOR","STARIG","STAALB"
"1","BOB001_2021",1.18,1.92,1.2,0.1,0.12,6.2,2.74,0.02,0,0,0,0,0,0,0,0,0,0,0,0,0,0,0,0,0,0,0,0,0,0,0,0,0,0,0,0,0,0,0,0,0,0,0,0,0,0,0,0,0,0,0,0,0,0,0,0,0,0,0,0,0,0,0,0,0,0,0,0,0,0,0,0,0,0,0,0,0,0,0,0,0,0,0,0,0,0,0,0,0,0,0,0,0,0,0,0,0,0,0,0,0,0,0,0,0,0,0,0,0,0,0,0,0,0,0,0,0,0,0,0,0,0,0,0,0,0,0,0,0,0,0,0,0,0
"2","BOB001_2022",0.4,13.6,0,2.2,0,23.4,4.62,0.02,0.06,0.1,0,0,0,0,0,0,0,0,0,0,0,0,0,0,0,0,0,0,0,0,0,0,0,0,0,0,0,0,0,0,0,0,0,0,0,0,0,0,0,0,0,0,0,0,0,0,0,0,0,0,0,0,0,0,0,0,0,0,0,0,0,0,0,0,0,0,0,0,0,0,0,0,0,0,0,0,0,0,0,0,0,0,0,0,0,0,0,0,0,0,0,0,0,0,0,0,0,0,0,0,0,0,0,0,0,0,0,0,0,0,0,0,0,0,0,0,0,0,0,0,0,0,0,0
"3","BOB002_2021",0.1,0.4,0.4,0.18,0.36,0,0.06,0,0,0,0.3,0.92,6.6,0.02,1.6,0,0,0,0,0,0,0,0,0,0,0,0,0,0,0,0,0,0,0,0,0,0,0,0,0,0,0,0,0,0,0,0,0,0,0,0,0,0,0,0,0,0,0,0,0,0,0,0,0,0,0,0,0,0,0,0,0,0,0,0,0,0,0,0,0,0,0,0,0,0,0,0,0,0,0,0,0,0,0,0,0,0,0,0,0,0,0,0,0,0,0,0,0,0,0,0,0,0,0,0,0,0,0,0,0,0,0,0,0,0,0,0,0,0,0,0,0,0,0
"4","BOB002_2022",0,0.01,0,0,0.02,0,0.01,0,0,0.01,0.06,0,7.61,0,0,0.01,0,0.02,0.02,0.4,1.2,0.4,0.02,0,0,0,0,0,0,0,0,0,0,0,0,0,0,0,0,0,0,0,0,0,0,0,0,0,0,0,0,0,0,0,0,0,0,0,0,0,0,0,0,0,0,0,0,0,0,0,0,0,0,0,0,0,0,0,0,0,0,0,0,0,0,0,0,0,0,0,0,0,0,0,0,0,0,0,0,0,0,0,0,0,0,0,0,0,0,0,0,0,0,0,0,0,0,0,0,0,0,0,0,0,0,0,0,0,0,0,0,0,0,0
"5","BOB003_2021",0,0,0,0,0.14,0,0.3,0,0,0,0.02,2.3,5.2,0.8,11.82,0,0,0,0,0,0,0,0,0,0,0.02,0.02,3.2,1.6,0,0,0,0,0,0,0,0,0,0,0,0,0,0,0,0,0,0,0,0,0,0,0,0,0,0,0,0,0,0,0,0,0,0,0,0,0,0,0,0,0,0,0,0,0,0,0,0,0,0,0,0,0,0,0,0,0,0,0,0,0,0,0,0,0,0,0,0,0,0,0,0,0,0,0,0,0,0,0,0,0,0,0,0,0,0,0,0,0,0,0,0,0,0,0,0,0,0,0,0,0,0,0,0,0
"6","BOB003_2022",0.01,0,0.2,0,0.02,0,0.02,0,0,0,0.2,0.8,7.04,0,0,0,0,0.12,0,0.2,0,0,0.01,0,0,0.24,0,0,0.4,0.8,0.2,0.2,0.66,0,0,0,0,0,0,0,0,0,0,0,0,0,0,0,0,0,0,0,0,0,0,0,0,0,0,0,0,0,0,0,0,0,0,0,0,0,0,0,0,0,0,0,0,0,0,0,0,0,0,0,0,0,0,0,0,0,0,0,0,0,0,0,0,0,0,0,0,0,0,0,0,0,0,0,0,0,0,0,0,0,0,0,0,0,0,0,0,0,0,0,0,0,0,0,0,0,0,0,0,0
"7","BOB004_2021",0.08,0,8.5,0,0,0,0,0,0.02,0,0.52,0.1,0.4,0.1,0,0,0,0,0,0,0,0,0,0,0,0.16,0,0,0,0,0,0,0,0.08,0.04,0,0,0,0,0,0,0,0,0,0,0,0,0,0,0,0,0,0,0,0,0,0,0,0,0,0,0,0,0,0,0,0,0,0,0,0,0,0,0,0,0,0,0,0,0,0,0,0,0,0,0,0,0,0,0,0,0,0,0,0,0,0,0,0,0,0,0,0,0,0,0,0,0,0,0,0,0,0,0,0,0,0,0,0,0,0,0,0,0,0,0,0,0,0,0,0,0,0,0
"8","BOB004_2022",2.4,0,32.02,0,0,1,0,0,3,0,0.02,0,1.42,0,0,0,0,0,0,0,0,0,0,0,0,0,0,0,0,0,0,0,0,0,0,0.02,0,0,0,0,0,0,0,0,0,0,0,0,0,0,0,0,0,0,0,0,0,0,0,0,0,0,0,0,0,0,0,0,0,0,0,0,0,0,0,0,0,0,0,0,0,0,0,0,0,0,0,0,0,0,0,0,0,0,0,0,0,0,0,0,0,0,0,0,0,0,0,0,0,0,0,0,0,0,0,0,0,0,0,0,0,0,0,0,0,0,0,0,0,0,0,0,0,0
"9","BOB005_2021",6.242,0,3,0,0,0,0,0,0.26,0,0,0,4.4,0,0,0,0,0,0,0,0,0,0,0,0,0,0,0,0,0,0,0,0,0,0,0,0.02,0,0,0,0,0,0,0,0,0,0,0,0,0,0,0,0,0,0,0,0,0,0,0,0,0,0,0,0,0,0,0,0,0,0,0,0,0,0,0,0,0,0,0,0,0,0,0,0,0,0,0,0,0,0,0,0,0,0,0,0,0,0,0,0,0,0,0,0,0,0,0,0,0,0,0,0,0,0,0,0,0,0,0,0,0,0,0,0,0,0,0,0,0,0,0,0,0
"10","BOB005_2022",0,0,7.2,0.2,0,5,0,0.32,1.8,0,0,0,2,0,0,0,0,0,0,0,0,0,0,0,0,0.01,0,0,0,0,0,0,0,0,0,0,0,0,0,0,0,0,0,0,0,0,0,0,0,0,0,0,0,0,0,0,0,0,0,0,0,0,0,0,0,0,0,0,0,0,0,0,0,0,0,0,0,0,0,0,0,0,0,0,0,0,0,0,0,0,0,0,0,0,0,0,0,0,0,0,0,0,0,0,0,0,0,0,0,0,0,0,0,0,0,0,0,0,0,0,0,0,0,0,0,0,0,0,0,0,0,0,0,0
"11","BOB006_2021",0.5,1.34,0,1.1,0,6.9,0,0,0,0,0,0.12,0,0,0,0,0,0,0,0,0,0,0,0,0,0,0,0,0,0,0,0,0,0,0,0,0,0.04,0,0,0,0,0,0,0,0,0,0,0,0,0,0,0,0,0,0,0,0,0,0,0,0,0,0,0,0,0,0,0,0,0,0,0,0,0,0,0,0,0,0,0,0,0,0,0,0,0,0,0,0,0,0,0,0,0,0,0,0,0,0,0,0,0,0,0,0,0,0,0,0,0,0,0,0,0,0,0,0,0,0,0,0,0,0,0,0,0,0,0,0,0,0,0,0
"12","BOB006_2022",1.6,0.6,0,6.02,0,8.8,0,0,2,0,0,0,0,0,0,0,0,0,0,0,0,0,0,0,0,0,0,0,0,0,0,0,0,0,0,0,0,0,0,0,0,0,0,0,0,0,0,0,0,0,0,0,0,0,0,0,0,0,0,0,0,0,0,0,0,0,0,0,0,0,0,0,0,0,0,0,0,0,0,0,0,0,0,0,0,0,0,0,0,0,0,0,0,0,0,0,0,0,0,0,0,0,0,0,0,0,0,0,0,0,0,0,0,0,0,0,0,0,0,0,0,0,0,0,0,0,0,0,0,0,0,0,0,0
"13","BOB007_2021",0,0,1,0,0,0,0,0,0,0,0,0,0,0,0,0,0,0,0.04,0,0,0,0.86,0,0,0,0,11.8,0,0.06,0,0,0,0,0,0,0.2,0,1.6,0.1,1.4,0.4,0.12,0.1,1.2,6.4,0.88,0,0,0,0,0,0,0,0,0,0,0,0,0,0,0,0,0,0,0,0,0,0,0,0,0,0,0,0,0,0,0,0,0,0,0,0,0,0,0,0,0,0,0,0,0,0,0,0,0,0,0,0,0,0,0,0,0,0,0,0,0,0,0,0,0,0,0,0,0,0,0,0,0,0,0,0,0,0,0,0,0,0,0,0,0,0,0
"14","BOB007_2022",0,0,4,0,0,0,0,0,0,0,0,0,0,0,0,0,0,0.02,0.3,0,0,0,0.6,0,0,0,0,30,0,2.04,0,0,0,0,0,0,0.7,0,0,0,0,0,0,0,4,13.6,1.42,0.3,0,0,0,0,0,0,0,0,0,0,0,0,0,0,0,0,0,0,0,0,0,0,0,0,0,0,0,0,0,0,0,0,0,0,0,0,0,0,0,0,0,0,0,0,0,0,0,0,0,0,0,0,0,0,0,0,0,0,0,0,0,0,0,0,0,0,0,0,0,0,0,0,0,0,0,0,0,0,0,0,0,0,0,0,0,0
"15","BOB008_2021",0,0,0.2,0,0,0,0,0,0,0,0,0,0,0,2.3,0,0,0,0.18,0,0,0,0.1,0,0.14,0,0,0.08,0,0,0,0,0,0,0,0,0,0,1.32,3.1,0.56,0,0,0,0,1.2,1.92,0,0.08,3.6,0.2,0.22,0.06,1.3,0,0,0,0,0,0,0,0,0,0,0,0,0,0,0,0,0,0,0,0,0,0,0,0,0,0,0,0,0,0,0,0,0,0,0,0,0,0,0,0,0,0,0,0,0,0,0,0,0,0,0,0,0,0,0,0,0,0,0,0,0,0,0,0,0,0,0,0,0,0,0,0,0,0,0,0,0,0,0,0
"16","BOB008_2022",0,0.02,0.2,0,0,0,0.02,0,0,0,0,0,0,0,15,0,0,0.06,2.4,0,0,0,0.2,0.04,0,0,0,17,0,0,0,0,0.02,0,0,0,0.3,0,0.7,0.7,0,0,0.8,0,0,0.8,0.5,0,0,6,0,0,0,2.4,0.2,0.02,1.6,0.4,0,0,0,0,0,0,0,0,0,0,0,0,0,0,0,0,0,0,0,0,0,0,0,0,0,0,0,0,0,0,0,0,0,0,0,0,0,0,0,0,0,0,0,0,0,0,0,0,0,0,0,0,0,0,0,0,0,0,0,0,0,0,0,0,0,0,0,0,0,0,0,0,0,0,0,0
"17","BOB009_2021",0.22,0,7.8,0.1,0.62,2.8,0,0,0.14,0,0,0.08,0.6,0,0,0,0,0.66,0,0,0,0,0,0,0,0,0,0,0,0,0,0,0,0,0,0,0,0,0,0,0,0,0,0,0,0,0,0,0,0,0,0,0,0,0,0,0,0,0.04,0,0,0,0,0,0,0,0,0,0,0,0,0,0,0,0,0,0,0,0,0,0,0,0,0,0,0,0,0,0,0,0,0,0,0,0,0,0,0,0,0,0,0,0,0,0,0,0,0,0,0,0,0,0,0,0,0,0,0,0,0,0,0,0,0,0,0,0,0,0,0,0,0,0,0
"18","BOB009_2022",1.1,0,2,0,0,11.01,0,0,1.91,0,0,0,0,0,0,0,0,0.02,0,0,0,0,0,0,0,0,0,0,0,0,0,0,0,0,0,0,0,0,0,0,0,0,0,0,0,0,0,0,0,0,0,0,0,0,0,0,0,0,0,2.4,0,0,0,0,0,0,0,0,0,0,0,0,0,0,0,0,0,0,0,0,0,0,0,0,0,0,0,0,0,0,0,0,0,0,0,0,0,0,0,0,0,0,0,0,0,0,0,0,0,0,0,0,0,0,0,0,0,0,0,0,0,0,0,0,0,0,0,0,0,0,0,0,0,0
"19","BOB010_2021",0.02,0,4.8,0.02,0.14,2.6,2,0,2,0,0.16,0,0,0,0,0,0,0.18,0,0,0,0,0,0,0,0,0,0,0,0,0,0,0.04,0,0,0,0,0,0,0,0,0,0,0,0,0,0,0,0,0,0,0,0,0,0,0,0,0,0,0.3,0.1,0,0,0,0,0,0,0,0,0,0,0,0,0,0,0,0,0,0,0,0,0,0,0,0,0,0,0,0,0,0,0,0,0,0,0,0,0,0,0,0,0,0,0,0,0,0,0,0,0,0,0,0,0,0,0,0,0,0,0,0,0,0,0,0,0,0,0,0,0,0,0,0,0
"20","BOB010_2022",0,0,7.4,0,0,4.2,0.6,0,13.2,0,0,0,0.01,0,0,0,0,0,0,0,0,0,0,0,0,0,0,0,0,0.02,0,0,0.42,0,0,0,0,0,0,0,0,0.01,0,0,0,0,0,0,0,0,0,0,0,0,0,0,0,0,0,1,0.2,0,0,0,0,0,0,0,0,0,0,0,0,0,0,0,0,0,0,0,0,0,0,0,0,0,0,0,0,0,0,0,0,0,0,0,0,0,0,0,0,0,0,0,0,0,0,0,0,0,0,0,0,0,0,0,0,0,0,0,0,0,0,0,0,0,0,0,0,0,0,0,0,0
"21","BOB011_2021",0.8,0,3.8,0,0.16,0,0,0,1.5,0,0,0.1,8.6,0,0,0,0,0,0,0,0,0,0,0,0,0,0,0,0,0,0,0,0,0,0,0,0,0,0,0,0,1.06,0,0,0,0,0,0,0,0,0,0,0,0,0,0,0,0,0,0,0,0.24,0,0,0,0,0,0,0,0,0,0,0,0,0,0,0,0,0,0,0,0,0,0,0,0,0,0,0,0,0,0,0,0,0,0,0,0,0,0,0,0,0,0,0,0,0,0,0,0,0,0,0,0,0,0,0,0,0,0,0,0,0,0,0,0,0,0,0,0,0,0,0,0
"22","BOB011_2022",2.2,0,0.04,0,0,0,0,0.12,8.9,0,0,0,5,0,0,0,0,0,0,0,0,0,0,0,0,0,0,0,0,0,0,0,0,0,0,0,0,0,0,0,0,10,0,0,0,0,0,0,0,0,0,0,0,0,0,0,0,0,0,0,0,0,0.1,0,0,0,0,0,0,0,0,0,0,0,0,0,0,0,0,0,0,0,0,0,0,0,0,0,0,0,0,0,0,0,0,0,0,0,0,0,0,0,0,0,0,0,0,0,0,0,0,0,0,0,0,0,0,0,0,0,0,0,0,0,0,0,0,0,0,0,0,0,0,0
"23","BOB012_2021",0.02,5.6,5.2,0,0,6.8,0,0,0,0,0.06,0,2.8,0,0,0,0,0,0,0,0,0,0,0,0.2,0,0,0,0,0,0,0,0,0,0,0,0.04,0,0,0,0.1,1.5,0,0,0,0,0,0,0.5,0,0,0,0,0,0,0,0,0,0,0.1,0.1,0.1,0,0.02,0.06,0.4,0.3,0,0,0,0,0,0,0,0,0,0,0,0,0,0,0,0,0,0,0,0,0,0,0,0,0,0,0,0,0,0,0,0,0,0,0,0,0,0,0,0,0,0,0,0,0,0,0,0,0,0,0,0,0,0,0,0,0,0,0,0,0,0,0,0,0,0,0
"24","BOB012_2022",0,16.2,3,0,0.02,17,0.6,0.2,0,0,0,0,3.1,0,0,0,0,0,0,0,0,0,0,0,0.2,0,0,0,0,0,0,0,0,0,0,0,0,0,0,0,0,1.4,0,0,0,0,0,0,0,0,0,0,0,0,0,0,0,0,0,1,0.1,0,0.4,0,0.4,0,0.32,3.6,0.06,0,0,0,0,0,0,0,0,0,0,0,0,0,0,0,0,0,0,0,0,0,0,0,0,0,0,0,0,0,0,0,0,0,0,0,0,0,0,0,0,0,0,0,0,0,0,0,0,0,0,0,0,0,0,0,0,0,0,0,0,0,0,0,0,0
"25","BOB013_2021",0,0.5,0,0,0,0,0.56,0,0,0.62,0,0.04,2.36,0,0,0,0,0.06,0,0.06,0,0,0.14,0,0,0,0,5.2,1,0.34,0,0.2,0.04,0,0,0,0.02,0,0,0,0,0.02,0,0.02,0,4.3,0,0,0,0,0,0,0,0,0,0,0,0,0,5,0.04,0,0,0,0,0,0,0,0,0.2,0.08,0.16,0.56,0.4,0.12,0,0,0,0,0,0,0,0,0,0,0,0,0,0,0,0,0,0,0,0,0,0,0,0,0,0,0,0,0,0,0,0,0,0,0,0,0,0,0,0,0,0,0,0,0,0,0,0,0,0,0,0,0,0,0,0,0,0,0
"26","BOB013_2022",0,0.66,0,0,0,0,0.8,0,0,0.12,0,0,0.2,0,0,0,0,0.1,0,0.04,0,0,0.8,0,0,0,0,3.8,4,2.6,0,0.04,0.4,0,0,0,0.04,0.6,0,0,0,0.6,0,0,0,2.2,0,0,0,0,0,0,0,0,0,0,0,0,0,3.2,0.04,0,0,0,6,0,0,0,0,0,0,0,0.6,0,0,0.06,1,1,0,0,0,0,0,0,0,0,0,0,0,0,0,0,0,0,0,0,0,0,0,0,0,0,0,0,0,0,0,0,0,0,0,0,0,0,0,0,0,0,0,0,0,0,0,0,0,0,0,0,0,0,0,0,0,0
"27","BOB014_2021",0.06,0,0,0,0.36,0.08,0,0,0,0,0,0,11.22,0,0,0,0,0,0,2,0,0,0.54,0,0.44,0,0,1.8,0,0,0,0,0,0,0,0,0,0,0,0,0.7,0,0,0,2,6,0.74,0,0.04,1.2,0,0,0,0,0,0,0,0,0,0,0,0.7,0,0,0.12,0,0,0,0,0,0,0,0,0,0,0,0,0,0.06,2.6,0,0,0,0,0,0,0,0,0,0,0,0,0,0,0,0,0,0,0,0,0,0,0,0,0,0,0,0,0,0,0,0,0,0,0,0,0,0,0,0,0,0,0,0,0,0,0,0,0,0,0,0,0,0
"28","BOB014_2022",0,0,1.1,0,1,0.6,0,0.04,0,0,0,0,0.62,0,0,0,0,0.01,0,2.2,0,0,0.04,0,0,0,0,12.4,0,0,0,0,0,0,0,0,0,0,0,0,0.02,0,0,0,4,3,0.12,0,0.04,1.2,0,0,0,0,0,0,0,0,0,0,0,0.06,1.08,0,0.2,0,0,0,0,0,0,0,0,0,0,0.04,0,0,0,7,0,0,0,0,0,0,0,0,0,0,0,0,0,0,0,0,0,0,0,0,0,0,0,0,0,0,0,0,0,0,0,0,0,0,0,0,0,0,0,0,0,0,0,0,0,0,0,0,0,0,0,0,0,0
"29","BOB015_2021",0,0.12,2.6,0,0,0,0,0,0,0,0,0,0,0,0.12,0,4.4,0.26,0,0,0,0,0,0.04,0.8,0,0,17.6,0,0,0,0,0,0,0,0,0.02,0,0,0,0.96,0,0,2.6,0,1.4,1.8,0,0,0,0,0,0,0,0,0,0,0,0,0,0,0,0,0,0,0,0,0,0,0,0,0,0,0,0,0,0,0,0,0,0,0,0,0,0,0,0,0,0,0,0,0,0,0,0,0,0,0,0,0,0,0,0,0,0,0,0,0,0,0,0,0,0,0,0,0,0,0,0,0,0,0,0,0,0,0,0,0,0,0,0,0,0,0
"30","BOB015_2022",0,0.46,1.2,0,0,1,0,0,0,0,0,0,0,0,0.06,0,6,0.14,0,0.6,0,0,0,0,0,0,0,30.6,0,0,0,0,0,0,0,0,0.02,0,0,0,0.06,0,0,0,1,0,0.12,0,0,0,0,0,0,0,0.1,0,0,0,0,0,0,0,0,0,0,0,0,0,0,0,0,0,0,0,0,0.01,0,0,0,0,0,0,0,0,0,0,0,0,0,0,0,0,0,0,0,0,0,0,0,0,0,0,0,0,0,0,0,0,0,0,0,0,0,0,0,0,0,0,0,0,0,0,0,0,0,0,0,0,0,0,0,0,0,0
"31","BOB016_2021",0,0,0,0,0.12,5.64,0,0,0,0,0,0,0.3,0,0.1,0,0,0.08,0,0.9,0.04,0,0.7,0,1,0,0,8.8,0,0.52,0,0,0.04,0,0,0,0,0,0,0,1.26,0,0,0.06,1,2,0.8,0,0,0,0,0,0,0,0,0.06,0,0,0,0.8,0,0,0.16,0,0,0,0,0,0,0,0,0,0,0,0,0,0,0,0,0,0.02,0,0,0,0,0,0,0,0,0,0,0,0,0,0,0,0,0,0,0,0,0,0,0,0,0,0,0,0,0,0,0,0,0,0,0,0,0,0,0,0,0,0,0,0,0,0,0,0,0,0,0,0,0
"32","BOB016_2022",0,0.16,0.02,0,0,8.5,0,0,0.1,0,0,0,0.04,0,0,0,0,0.04,0,0.8,0,0,0.02,0,0,0,0,14.8,0,1.6,0,0,0.6,0,0,0,0.15,0,0,0,0,0,0,3,0,1,0.12,0,0,0,0,0,0,0,0,0,0,0,0,0.8,0,0,0,0,0,0,0,0,0,0,0,0,0,0,0,0,0,0,0,0,0,0,0,0,0,0,0,0,0,0,0,0,0,0,0,0,0,0,0,0,0,0,0,0,0,0,0,0,0,0,0,0,0,0,0,0,0,0,0,0,0,0,0,0,0,0,0,0,0,0,0,0,0,0
"33","BOB017_2021",0.12,0,0,0,0,12,0,0,0,0,0,0,1.6,0,0,0,0,0.02,0,0,0,0,0,0,0,0,0,0,0,0,0,0,0,0,0,0,0,0,0,0,0,0.2,0,0,0,0,0,0,0,0,0,0,0,0,0,0,0,0,0.22,0,0,0,0.02,0,0,0,0,0,0.02,0,0,0,0,0,0,0,0,0,0,0,0.16,0.2,0,0,0,0,0,0,0,0,0,0,0,0,0,0,0,0,0,0,0,0,0,0,0,0,0,0,0,0,0,0,0,0,0,0,0,0,0,0,0,0,0,0,0,0,0,0,0,0,0,0,0,0
"34","BOB017_2022",5.01,0.4,3.4,0,0,28,0,0,0,0,0,0,0.01,0,0,0,0,0,0,0,0,0,0,0,0,0,0,0.2,0,0,0,0,0,0,0,0,0,0,0,0,0,0,0,0,0,0,0,0,0,0,0,0,0,0,0,0,0,0,0,0,0,0,0,0,0,0,0,0,0.01,0,0,0,0,0,0,0,0,0,0,0,0,0,0,0,0,0,0,0,0,0,0,0,0,0,0,0,0,0,0,0,0,0,0,0,0,0,0,0,0,0,0,0,0,0,0,0,0,0,0,0,0,0,0,0,0,0,0,0,0,0,0,0,0,0
"35","BOB018_2021",0.06,0,6.2,0,0.1,7.84,0,0,0,0,0,0.2,0,0,0.16,0,0,0.16,0,0,0,0,0,0,0,0,0,0,0,0,0,0,0,4.2,0,0,0,0,0,0,0,1.9,0,0,0,0,0,0,0,0,0,0,0,0,0,0,0,0,0.02,0,0,0,0.02,0,0,0,0,0,0,0,0,0,0,0,0,0,0,0,0,0,0,0,0,0,0,0,0,0,0,0,0,0,0,0,0,0,0,0,0,0,0,0,0,0,0,0,0,0,0,0,0,0,0,0,0,0,0,0,0,0,0,0,0,0,0,0,0,0,0,0,0,0,0,0
"36","BOB018_2022",0.01,0,13.6,0,0,6.1,0,0,0,0,0,0,0,0,0,0,0,0,0,0,0,0,0,0,0,0,0,0,0,0,0,0,0.01,0,0,0,0,0,0,0,0,0.06,0,0,0,0,0,0,0,0,0,0,0,0,0,0,0,0,0,0,0,0,0,0,0,0,0,0,0,0,0,0,0,0,0,0,0,0,0,0,0,0,0,0,0,0,0,0,0,0,0,0,0,0,0,0,0,0,0,0,0,0,0,0,0,0,0,0,0,0,0,0,0,0,0,0,0,0,0,0,0,0,0,0,0,0,0,0,0,0,0,0,0,0
"37","BOB019_2021",0,0,0,0,0.1,0,0,0,0,0,0,0,0,0,0,0,0,0,0,0.18,0,0,0,0,0.3,0,0,8.1,0,0,0,0,0,0,0,0,0.7,0,0,0.16,1,0,0,0,0,0.6,0,0,0,0,0,0,0,0.02,0,0.4,0,1,0,0,0.2,0,0,0,0,0,0,0,0,0,0,0,0,0,0,0,0,0,0,0.2,0.02,0,0,0,0,0,0,0,0,0,0,0,0,0,0,0,0,0,0,0,0,0,0,0,0,0,0,0,0,0,0,0,0,0,0,0,0,0,0,0,0,0,0,0,0,0,0,0,0,0,0,0,0,0
"38","BOB019_2022",0,0.11,0,0,0,0,0,0,0,0,0,0,0,0,0,0,0,0,0,1,0,0,0,0,0.02,0,0,18.8,0.4,0.4,0,0,0.04,0,0,0,0.62,0,0,0,0,0,0,0,0,2.4,0.02,0,0,0,0,0,0,0,0,0,0,1,0,0,0,0,0,0,0,0,0,0,0,0,0,0,0,0,0,0,0,0,0,0,0,0,0.04,0.06,0,0,0,0,0,0,0,0,0,0,0,0,0,0,0,0,0,0,0,0,0,0,0,0,0,0,0,0,0,0,0,0,0,0,0,0,0,0,0,0,0,0,0,0,0,0,0,0,0,0
"39","CCC001_2021",0.06,0,0,0,0,0.02,0,0,0,0,0,0,0,0,0,0,0,0,0.78,0,0,0,0.42,0.04,0.3,0,0,0,0,0,0,0,0,0,0,0,0,0,0.42,0,7.1,0,0,0.12,0.04,0.2,0,0,0,6.4,0,0.02,0.06,0.1,0,0,0,0,0,0,0.9,0,0,0,0,0,0,0,0,0,0,0,0,0,0,0,0,0,0,0,0.24,0,0,0,0.34,0.02,0.02,0.14,0,0,0,0,0,0,0,0,0,0,0,0,0,0,0,0,0,0,0,0,0,0,0,0,0,0,0,0,0,0,0,0,0,0,0,0,0,0,0,0,0,0,0,0,0,0
"40","CCC001_2022",0,0,0,0,0,0,0,0.6,0,0,0,0,0,0,0,0,0,0,14,0,0,0,3.14,0,0,0,0,0,0,0,0,0,0.1,0,0,0,0,0,0,17,0.46,0,0,3,0,0.6,0,0.2,0.02,14.41,0,0.1,1.1,0.44,0,1.7,0,0,0,0,0,0,0.9,0,0,0,0,0,0,0,0,0,0,0,0,0,0,0,0,0,0,0,0,0,0,0.1,0,0.4,0.2,0,0,0,0,0,0,0,0,0,0,0,0,0,0,0,0,0,0,0,0,0,0,0,0,0,0,0,0,0,0,0,0,0,0,0,0,0,0,0,0,0,0,0,0,0
"41","CCC002_2021",0,0,0,0,0,0.02,0,0,0,0,0,0,0,0,0,0,0,0,0,0,0,0,0.04,0,0,0,0,0,0,0,0.02,0,0,0,0,0,0,0,0.06,0,4,0,0,0.16,0,0,0,0,0,0.1,0,0,0.66,0,0,0,0,0,0,0,0,0,0,0,0,0,0,0,0,0,0,0,0,0,0,0,0,0,0,0,0,0,0,0,0,0,0.02,0.46,0,0.04,0.6,0.2,0.06,0.42,0.02,0,0,0,0,0,0,0,0,0,0,0,0,0,0,0,0,0,0,0,0,0,0,0,0,0,0,0,0,0,0,0,0,0,0,0,0,0,0,0
"42","CCC002_2022",0,0,0,0,0,0,0,0.2,0,0,0,0,0,0,0,0,0,0.02,0.42,0,0,0,2.7,0,0,0,0.4,0,0,0,0,0,0,0,0,0,0,0,0,0.1,1.06,0,0,0,0,0.8,0,0,0,1,0,0.8,9.34,0,0,0.04,0,0,0,0,0,0,0.2,0,0,0,0,0,0,0,0,0,0,0,0,0.16,0,0,0,0,0,0,0,0,0,0,0,1.4,0,0,0,0.8,0.2,1.82,0.18,0,0,0,0,0,0,0,0,0,0,0,0,0,0,0,0,0,0,0,0,0,0,0,0,0,0,0,0,0,0,0,0,0,0,0,0,0,0,0
"43","CCC003_2021",0,0,1.02,0,0,0.02,0,0,0,0,0,0.18,0,0,0,0,0,0,0,0,0,0,0,0,0,0,0,0,0,0,0,0,0,0,0,0,0,0,0,0,0,0,0,0,0,0,0,0,0,0,0,0,0,0,0,0,0,0,0,0,0,0,0,0,0,0,0,0,0,0,0,0,0,0,0,0,0,0,0.2,0,0,0,0,0,0,0,0,0,0,0,0,0,0,0,0,0,0,0,0,0,0,0,0,0,0,0,0,0,0,0,0,0,0,0,0,0,0,0,0,0,0,0,0,0,0,0,0,0,0,0,0,0,0,0
"44","CCC003_2022",1.98,3.2,3.28,0,3,3.2,0,0,0,0,0,0.6,0,0,0,0,0,0,0,0,0,0,0,0,0,0,0,0,0,0,0,0,0,0,0,0,0,0,0,0,0,0,0,0,0,0,0,0,1.1,0,0,0,0,0,0,0,0,0,0,0,0,0,0,0,0,0,0,0,0,0,0,0,0,0,0,0,0,0,2.3,0,0,0,0,0,0,0,0,0,0,0,0,0,0,0,0,0,0,0,0,0,0,0,0,0,0,0,0,0,0,0,0,0,0,0,0,0,0,0,0,0,0,0,0,0,0,0,0,0,0,0,0,0,0,0
"45","CCC004_2021",0,0,0,0,0.28,0.08,0,0,0,0,0,0,0,0,1,0,0,0,2.46,1.7,0,0,0.1,4.02,0,0,0,0.88,0,0,0,0,0,0,0,0,0,0,0.24,8.4,0,0,0,0.08,0,1.22,0,0,0,0.06,0,0.16,0.4,0,0,0,0,0,0,0,0,0,0,0,0,0,0,0,0,2.2,0,0,0,0,0,0,0,0,0,0,0,0,0,0,0.64,0,0,0,0,0,0,0,0,0,0,0.2,0.1,0.56,0,0,0,0,0,0,0,0,0,0,0,0,0,0,0,0,0,0,0,0,0,0,0,0,0,0,0,0,0,0,0,0,0,0,0,0
"46","CCC004_2022",0,0,0,0,0,0,0,0,0,0,0,0,0,0,4.4,0,0,0,4.2,4,0,0,0.1,0.2,0,0,0,0.4,0,0,0.12,0,0.04,0,0,0,0,0,0.2,48,0,0,0,0,0,3.6,0,0.2,0,0.2,0,1.4,3.4,0,0,0,0,0,0,0,0,0.02,0,0,0,0,0,0,0,0,0,0,0,0,0,16.5,0,0,0,0,0,0,0,0,0,0,0,0,0,0,0,0,0,0,0,0,0,0,0,0,0,0,0,0,0,0,0,0,0,0,0,0,0,0,0,0,0,0,0,0,0,0,0,0,0,0,0,0,0,0,0,0,0,0
"47","CCC005_2021",0.12,0,0.02,0,0,0.08,0.06,0,0,0,0,0,2.2,0,0,0,0,0,0,0,0,0,0,0,0,0,0,0.02,0,0,0,0,0,0,0,0,0,0,0,0,0.1,0,0,0,0,0,0,0,0,0,0,0,0,0,0,0,0,0,0,0,0,5.2,0,0,0,0,0,0,0,0,0,0,0,0,0,0,0,0,0,0,0,0,0,0,0,0,0,0,0,0,0,0,0,0,0,0,0,0,0,0,0,0,0,0,0,0,0,0,0,0,0,0,0,0,0,0,0,0,0,0,0,0,0,0,0,0,0,0,0,0,0,0,0,0
"48","CCC005_2022",9.9,23,1.42,0,0.4,0.4,1.6,0,0,0.3,0,1.2,0,0,0,0,0,0,0,0,0,0,0,0,0,0,0,2.2,0,0,0,0,0,0,0,0,0,0,0,0,0,0,0,0,0,0,0,0,10.4,0,0,0,0,0,0,0,0,0,0,0,0,0.74,5.6,0,0,0,0,0,0,0,0,0,0,0,0,0,0,0,0.4,0,0,0,0,0,0,0,0,0,0,0,0,0,0,0,0,0,0,0,0.8,0.7,0.3,0,0,0,0,0,0,0,0,0,0,0,0,0,0,0,0,0,0,0,0,0,0,0,0,0,0,0,0,0,0,0,0,0
"49","CCC006_2021",0.02,0,3.9,0,0,0,0,0,0,0,0,0,0,0,0,0,0,0,0,0,0,0,0,0,0,0,0,0,0,0,0,0,0,0,0,0,0,0,0,0,0,0,0,0,0,0,0,0,0,0,0,0,0,0,0,0,0,0,0,0,0,0,0,0,0,0,0,0,0,0,0,0,0,0,0,0,0,0,0.08,0,0,0,0,0,0,0,0,0,0,0,0,0,0,0,0,0,0,0,0,0,0,0,0,0,0,0,0,0,0,0,0,0,0,0,0,0,0,0,0,0,0,0,0,0,0,0,0,0,0,0,0,0,0,0
"50","CCC006_2022",0,0,10.4,0,0,0.02,0,0,0,0,0,0,0,0,0,0,0,0,0,0,0,0,0,0,0,0,0,0,0,0,0,0,0,0,0,0,0,0,0,0,0,0,0,0,0,0,0,0,0,0,0,0,0,0,0,0,0,0,0,0,0,0,0,0,0,0,0,0,0,0,0,0,0,0,0,0,0,0,0.04,0,0,0,0,0,0,0,0,0,0,0,0,0,0,0,0,0,0,0,0,0,0,0,0,0,0,0,0,0,0,0,0,0,0,0,0,0,0,0,0,0,0,0,0,0,0,0,0,0,0,0,0,0,0,0
"51","CCC007_2021",0,0.84,0,0,0,0.4,0,0,0,0,0,0,0,0,0,0,0,0.62,0,0,0,0,0,0,0.4,0,0,0,0,0.9,0,0,0,0,0,0,0,0.06,0,0,0,0,0,0.08,0,0.8,0,0,0,0,0,0,0,0,0,0,0,0,0,0,0,0,0,0,0.12,0,0.14,0,0,0,0,0,0,0,0,0,0,0,0,0,0,0,0,0,0,0,0,0,0.02,0,0,0,0,0,0,0,0,0,0,0,0,0.08,0.12,0,0,0,0,0,0,0,0,0,0,0,0,0,0,0,0,0,0,0,0,0,0,0,0,0,0,0,0,0,0,0
"52","CCC007_2022",0,1.62,0,0,0,0.5,1.1,0,0,0,0,0,0,0,0,0,0,0.86,0,0,0,0,0,0,0,0,0,0,0,0.3,0,0,0,0,0,0,0,0.6,0,0,0,0,0,0.06,0,1.4,0,0,0.02,0,0,0,0,0,0,0,0,0,0,0,0,0,0,0,0.5,0,0.02,0,0,0,0,0,0,0,0,0,0,0,0,0,0,0,0,0,0,0,0,0,0.06,0,0,0,0,0,0,0,0,0,0,0,0,1.1,0.08,0.02,0,0,0,0,0,0,0,0,0,0,0,0,0,0,0,0,0,0,0,0,0,0,0,0,0,0,0,0,0,0
"53","CCC008_2021",0.42,0.6,1.68,1.4,0,1.5,0,0,0,0,0,3.08,0.06,0,0,0,0,1.56,0,0,0,0,0,0,0,0,0,0,0,0,0,0,0,0,0,0,0,0,0,0,0.2,0.02,0,0,0,0,0,0,4.1,0,0,0,0,0,0,0,0,0,0,0.2,0,0.1,0.6,0,0,0,0,0,0,0,0,0,0,0,0,0,0,0,0,0,0,0,0,0,0,0,0,0,0,0,0,0,0,0,0,0,0,0,0,0,0,0,0.06,0,0.32,6.06,0,0,0,0,0,0,0,0,0,0,0,0,0,0,0,0,0,0,0,0,0,0,0,0,0,0,0,0
"54","CCC008_2022",0.7,2.4,8.06,0.1,0.2,0.6,1.6,0,0,0,0,0,0.6,0,0,0,0,4.24,0,0,0,0,0,0,0.2,0.14,0,0,0,0,0,0,0,0,0,0,0,0,0,0,0.14,0.8,0,0,0,0,0,0,1.9,0,0,0,0,0,0,0,0,0,0,0,0,0.2,1.9,0,0,0,0,0,0,0,0,0,0,0,0,0,0,0,0,0,0,0,0,0,0,0,0,0,0,0,0,0,0,0,0,0,0,0,0,0,0,0,0.04,0,0,4.22,0,0,0,0,0,0,0,0,0,0,0,0,0,0,0,0,0,0,0,0,0,0,0,0,0,0,0,0
"55","CCC009_2021",0.38,5.2,2.3,0,1.42,0.9,3.56,0,0,0,0,4.6,0,0,0,0,0,0.06,0,0,0,0,0,0,0,0,0,0,0,0,0,0,0,0.02,0,0,0,0,0,0,0,18.4,0,0,0,0,0,0,0.92,0,0,0,0,0,0,0,0,0,0,0,0,0.04,0,0,0,0,0,0,0,0,0,0,0,0,0,0,0,0,0,0,0,0,0,0,0,0,0,0,0,0,0,0,0,0,0,0,0,0,0,0,0,0,0,0,0,5.98,0.2,0.02,0,0,0,0,0,0,0,0,0,0,0,0,0,0,0,0,0,0,0,0,0,0,0,0,0,0
"56","CCC009_2022",0.66,16.4,2.6,0.5,0.2,1,10,0.1,0,0,0,0,0,0,0,0,0,0,0,0,0,0,0,0,0,0,0,0,0,0,0,0,0,0,0,0.2,0,0,0,0,0.06,9.8,0,0,0,0,0,0,1.24,0,0,0,0,0,0,0,0,0,0,0,0.02,0,1.2,0,0,0,0,0,0,0,0,0,0,0,0,0,0,0,0,0,0,0,0,0,0,0,0,0,0,0,0,0,0,0,0,0,0,0,0,0,0,0,0,0,0,9,0,0,0,0,0,0,0,0,0,0,0,0,0,0,0,0,0,0,0,0,0,0,0,0,0,0,0,0
"57","CCC010_2021",0,0,0,0,0,0.48,0,0.02,0,0,0,0,0,0,6.1,0,0,0,0.04,0,0,0,0,1.8,0,0,0,0,0,0,0,0,0,0,0,0,0.02,0,0,1.62,1.2,0,0.1,0.14,0,1.32,0,0,0,0.3,0,0,0,0,0,0,0,0,0,0,0,0.02,0,0,0,0,0,0,0,0,0,0,0.06,0,0,0,0,0,0,7.66,0.02,0,0,0,0,0,0,0,0,0,0,0,0,0.06,0,0,0,0,0,0,0,0,0,0.1,0.14,0.58,0,0,0.02,0,0,0,0,0,0,0,0,0,0,0,0,0,0,0,0,0,0,0,0,0,0,0,0,0
"58","CCC010_2022",0,0,0,0,0,0,0,0,0,0,0,0,0,0,5.2,0,0,5.1,0,0.4,2.7,0,0.4,1.14,0,0,0,0,0,0,0,0,0.62,0,0,0,2.8,0,0,0.02,0.6,0,0,0.06,0,4,0,0,0,0,0,0,4,0,0,0,0,0.1,0,0,0,0,0,0,0,0,0,0,0,0,0,0.08,0,0,0,0.18,0,0,0,0,0,0,0,0,0,0,0,0,0,0,0,0,0,1.2,0,0,0,0,0,0,0,0,0,0,0,0,0,0,0.6,0,0,0,0,0,0,0,0,0,0,0,0,0,0,0,0,0,0,0,0,0,0,0,0,0
"59","CCC011_2021",0.14,0.24,3.6,0,0.04,2,0,0.08,0,0,0,0,0,0,0,0,0,0.06,0,0,0,0,0,2.54,0.16,0,0.74,0,0,0,0,0,0,0.1,0,0,0,0.08,0,0,0.9,0,0,0.02,0,1.8,0,0,0.02,1.4,0,0,0,0,0,0,0,0,0,0,0,0,0,0,0,0,0,0,0,0,0,0.12,0.02,0,0,0,0,0,0.02,6,0.02,0,0,0,0,0,0,0,0.04,0,0,0,0,0,0,0,0,0,0,0,0,0,0,0.1,0,8.46,0,0,0.3,0.04,0.02,0.14,0.3,0.64,0,0,0,0,0,0,0,0,0,0,0,0,0,0,0,0,0,0,0,0
"60","CCC011_2022",1.3,3.7,15.44,0.1,0,5.2,0,0,0.02,0,0,0,0,0,0,0,0,0.58,0,0,0,0,0,0,0.98,0,0.2,0,0,0,0,0,0,0.16,0,0,0,1.1,0,0,0,0,0,0.24,0,4,0,0,0.1,0.4,0,0,0,0,0,0,0,0,0,0,0,0,0,0,0,0,0,0,0,0,0,2.2,0,0,0,0.28,0,0,0,0,0,0,0,0,0,0,0,0,0,0,0,0,0,0,0,0.02,0,0,0,0,0,0,0,0,0,17,0,0,1,0,0,0,0,2.6,0.2,0.3,0.92,0,0,0,0,0,0,0,0,0,0,0,0,0,0,0,0,0
"61","CCC012_2021",0,0,0,0,0,0,0,0.02,0,0,0,0,0,0,1.1,0,0,0.14,1.56,0,0,0,0.06,0.14,0.6,0,0,0,0,0,0,0.5,0.08,0,0,0,0.08,0,0.7,1.48,0.5,0,0,0.04,0,0.3,0,0,0,0,0,0,0,0,0,0,0,0,0,0,0,0.06,0,0,0,0,0,0,0,3,0,0,0,0,0.06,0,0,0,0,0,0.04,0,0,0,0,0,0,0,0.12,0,0,0,0,0,0,0,0,0,0,0,0,0,0,0,0,0,0,0,0.8,0.2,0,0.06,0,0,0,0,0,0.2,1.22,0.02,0.6,0,0,0,0,0,0,0,0,0,0,0,0,0
"62","CCC012_2022",0,0,0,0,0,0,0.2,0,0,0.5,0,0,0,0,7.2,0,0,0,6,0,0,0,0,0.6,1.2,0,0,0,0,1,0,1.2,2.4,0,0,0,0.24,0,0.5,0.44,0,0,0,0,0,0.2,0,0,0,0,0,0,0,0,0,0,0,0,0,0,0,0,0,0,0,0,0,0,0,0,0,0.02,0,0,0,4.8,0,0,0,0,0,0,0,0,0,0,0,0,0,0,0,0,0,0,0,0,0,0,0,0,0,0,0,5,0,2,0,0,1.4,0,0,0,0,0,0,0,0,0,0,0,1,0,0,0,0,0,0,0,0,0,0,0,0,0
"63","COL007_2021",0.04,0.2,0,0,0.4,0,1.2,0,0,0,0,0.2,0,0,0,0,0,0.02,0,0,8,0,0.4,0,0,0,0,0.2,0,0,0,0,0.1,0,0,0,0,0,0,0,0,1.8,0,0,0,0,0,0,0,0,0,0,0,0,0,0,0,0,0,0,0.8,2.41,0,0,0,0,0,0,0,0,0,0,0,0,0,0,0,0,0,0,0,0,0,0,0,0,0,0,0,0,0,0,0,0,0,0,0,0,0,0,0,0,0,0,0,0,0,0,0.4,0,0,0,0,0,0,0,0,0,0,0,0,1.2,0.2,0,0,0,0,0,0,0,0,0,0,0
"64","COL007_2022",0,0.96,0.2,0,0,0.5,0.2,0,0,0,0,0,0,0,0,0,0,0,0,0,1.2,0,0,0,0,0,0,1,0,0,0,0,0,0,0,0,0,0,0,0,0,0.44,0,0,0,0,0,0,0,0,0,0,0,0,0,0,0,0,0,0,0.04,0,0.82,0,0,0,0,0,0,0.14,0,0,0,0,0,0,0,0,0,0,0,0,0,0,0,0,0,0,0,0,0,0,0,0,0,0,0,0,0,0,0,0,0,0,0,0.82,0,0,0.8,0,0,0,0,0,0,0,0,0,0,0,0,0,0,0.38,0,0,0,0,0,0,0,0,0,0
"65","COL012_2021",0,0,0.2,0,1.6,2.02,0.02,0,0,0,7,16,2,0,0.8,0,0,0,0.02,0,0,0,0.2,0,0,0,0,0,0,0,0,0,0,0,0,0,0,0,0.02,3,0,0,0,0,0,0,0,0,0,0,0,0,0.8,0,0.22,0,0,0,0,0,0.4,0,0,0,0,0,0,0,0,0,0,0,0,0,0,0,0,0,0,0,0,0,0,0,0,0,0,0,0,0,0,0,0,0,0,0,0,0,0,0,0,0,0,0,0,1.4,0,0,0,0,0,0,0,0,0,0,0,0,0,0,0,0,0,0,0.02,0,0,0,0,0,0,0,0,0
"66","COL012_2022",0.02,0,6.2,0,0.04,6,0,0.04,0,0,0.4,0.44,5.02,0,0.6,0,0,0.2,0,0,0,0,0,0,0.34,0,0,0,0,0,0,0.26,0,0.9,0,0,0,0,0,0,0,0,0,0,0,0,0,0,0,0,0,0,0,0,0.4,0,0,0,0,0,0.44,0,0,0,0,0,0,0,0,0,0,0,0,0,0,0,0,0,0,0,0,0,0,0,0,0,0,0,0,0,0,0,0,0,0,0,0,0,0,0,0,0,0,0,0,3.06,0,0,0,0,0,0,0,0,0,0,0,0,0,0,0,0,0,0,0,0,0,0,0,0,0,0,0,0
"67","COL013_2021",0.02,0,0,0,5.2,3.8,0,0,0,0,0,0,0,0,0,0,0,0,0,0,0,0,0,0,0,0,0,0,0,0,0,0,0,0,0,0,0,0,0.1,0,0,14,0,0,0,0,0,0,0,0,0,0,0,0,0,0,0,0,0,0,0.8,0.2,0,0,0,0,0,0,0,0,0,0,0,0,0,0,0,0,0,0,0,0,0,0,0,0,0,0,0,0,0,0,0,0,0,0,0,0,0,0,0,0,0,0,0,3.8,0,0,0,0,0,0,0,0,0,0,0,0,0,0,0,0,0,0,0,0,0,0,0,0,0,0,0,0
"68","COL013_2022",0.02,0,6,0,1.02,8.8,2.2,0.2,1,0,0,0,0,0,0,0,0,0,0,0,2,0,0,0,0,0,0,0,0,0,0,0,0,0,0,0,0,0,2.8,0,0,12.02,0,0,6,0,0,0,0,0,0,0,0,0,0,0,0,0,0,0,0.02,0,0,0,0,0,0,0,0,0,0,0,0,0,0,0,0,0,0,0,0,0,0,1.2,0,0,0,0,0,0,0,0,0,0,0,0,0,0,0,0,0,0,0,0,0,5.01,0,0,0,0,0,0,0,0,0,0,0,0,0,0,0,0,0,0,0,0.2,0,0,0,0,0,0,0,0
"69","COL014_2021",0,0,0,0,0.2,0,0,0,0,0,0,0,0,0,6,0,0.4,0,0.08,0.4,0,0,0.22,0,0,0,0,0,0,0,0,0,0,0,0,0,0,0,4.4,3.64,0.2,0,0,0,0,1.46,0,0,0,0,0,0,0,0,0,0.1,0,0,0,0,0,0.4,0,0,0,0,0,0,0,0,0,0,0,0,0,0,0,0,0,1.2,0,0,0,0,0,0,0,0,0,0,0,0,0,0,0,0,0,0,0,0,0,0,0,0,0,0,0,0,0,0,0,0,0,0,0,0,0,0,0,0,0,0,0,0,0,0,0,0,0,0,0,0,0,0
"70","COL014_2022",0,0,0,0,0,0,0,0,0,0,0,0,0,0,11.04,0,0,0,6.04,0.4,0,0,3.3,0,0,0,0,0,0,0,0.02,0,0.5,0,0,0,0,0,4.86,18.44,0.1,0,0,0,0,2.8,0,1.2,0,0,0,0,0,0,0,0.02,0,0,0,0,0.04,1.26,0,0,0,0,0,0,0,0,0,0,0,0,0,0,0,0,0,27.8,0,0,0,0,0,0,0,0,0,0,0,0,0,0,0,0.2,0,0,0,0,0,0,0,0,0,0,0,0,0,0,0,0,0,0,0,0,0,0,0,0,0,0,0,0,0,0,0,1.4,0,0,0,0,0,0
"71","COL017_2021",0,0,0.1,0,2.3,0,0.1,0,0,0,0,0,0,0,0.12,0,0,0.04,1.2,0,0,0,0.04,0,0,0,0,0.2,0,0,0,0,0.1,0,0,0,0,0,1,0,0,0.32,0,0,0.4,0,0,0,0.4,0,0,0,0,0,0,0,0,0,0,0,0,0.82,0.04,0,0,0,0,0,0,0,0,0.1,0,0,0,0,0,0,0,0,0,0.02,0,0,0,0,0,0,0,0,0,0,0,0,0,0,0,0,0,0,0.4,0,0,0,0,2.66,0,0.04,0,0,0,0,0,0,0,0,0,0,0,0,0,0,0,0,0,0,0,0,0,0,0,0,0,0
"72","COL017_2022",0,0,13,0,0.02,0,1,0,0,0,0,0,0,0,0,0,0,0.64,0,0,0.2,0,0,0,0,0,0,0,0,0,0,0.06,0,0,0,0.02,0.4,0,0.8,0,0,4.06,0,0.3,2,0.26,0,0,0,0,0,0,0,0,0,0,0,0,0,0,0.24,0,0.52,0,0,0,0,0,0,0,0,0.04,0,0,0,0.04,0,0,0,0.2,0,0,0,0,0,0,0,0,0,0,0,0,0,0,0,0,0,0,0,0,0.04,0,0,4,0,6.4,0,0,0,0,0,0,0,0,0,0,0,0,0,0,0,0,0,0,0,0,0,0,0.2,0,0,0,0,0
"73","COL018_2021",0,0.22,0,0,1.04,1.2,0.12,0,0,0,0,0,0,0,0,0,0,0,0.02,0,0,0,0,0,0,0,0,0,0,0,0,0,0,0,0,0,0,0,0.24,0,0,11.62,0,0.02,0,0,0,0,0,0,0,0,0,0,0,0,0,0,0,0,0,0,0,0,0,0,0,0,0,0,0,0,0,0,0,0,0,0,0,0,0,0,0,0,0,0,0,0,0,0,0,0,0,0,0,0,0,0,0,0,0,0,0,0,0,0,0,0,0,0,0,0,0,0,0,0,0,0,0,0,0,0,0,0,0,0,0,0,0,0,0,0,0,0
"74","COL018_2022",0,1.16,0,0,0.9,0.8,0,0,0,0,0,0,0,0,0,0,0,0,0,0,0,0,0,0,0,0,0,0,0,0,0,0,0,0,0,0,0,0,0,0,0,1.3,0,0,0,0,0,0,0.14,0,0,0,0,0,0,0,0,0,0,0,0,0,1.22,0,0.4,0,0,0,0.14,0,0,0,0,0,0,0,0,0,0,0,0,0,0,0,0,0,0,0,0,0,0,0,0,0,0,0,0,0,0,0,0,0,0,0,0,0,0,0,0,0,0,0,0,0,0,0,0,0,0,0,0,0,0,0.4,0,0,0,0,0,0,0,0,0,0
"75","QUA001_2021",0,0,3,0,1.2,0,0,0,0,0,0,0,0,0,0,0,0,0,0,0,0,0,0,0,0,0,0,1,0,0,0,0,0,0,0,0,0,0,0.8,0,0,0,0,0,0,0,0,0,0,0,0,0,0,0,0,0,0,0,0,0,0.2,0,0,0,0.4,0,0,0,0,0,0,0,0,0,0,0,0,0,0,0,0,0,0,0,0,0,0,0,0,0,0,0,0,0,0,0,0,0,0,0,0,0,0,0,0,0,0,0,0.1,0,0,0,0,0,0,0,0,0,0,0,0,0,0,0,0,0,0,0,0,0,0,0,0,0
"76","QUA002_2021",0,0,1.4,0,0,2,0,0,0,0,0,0,0,0,0,0,0,0,0,0,0,0,0,0,0,0,0,0,0,0,0,0,0,0,0,0,0,0,1,0,0,0,0,0,0,0,0,0,0,0,0,0,0,0,0,0,0,0,0,0,0.1,0,0,0,4.8,0,0,0,0,0,0,0,0,0,0,0,0,0,0,0,0,0,0,0,0,0,0,0,0,0,0,0,0,0,0,0,0,0,0,0,0,0,0,0,0,0,0,0,0,0,0,0,0,0,0,0,0,0,0,0,0,0,0,0,0,0,0,0,0,0.2,0,0,0,0
"77","QUA002_2022",5.02,0,10.6,0,0,7.8,0,0,0.2,0,0,0,0,0,0,0,0,0,0,0,0,0,0,0,0,0,0,2.4,0,0,0,0,0,0,0,0,0,0,7.6,0,0,0,0,0,0,0,0,0,0.02,0,0,0,0,0,0,0,0,0,0,0,0.02,0,0.2,0,40.2,0,0,0,0,0,0,0,0,0,0,0,0,0,0,0,0,0,0,0,0,0,0,0,0,0,0,0,0,0,0,0,0,0,0,0,0,0,0,0,0,0,0,0,0,0,0,0,0,0,0,0,0,0,0,0,0,0,0,0,0,0,0,0,0,0,0,0,0,0
"78","QUA003_2021",0,0,0,0,0.2,0,0,0,0,0,0,0,0,0,0,0,0,0,0,0,0,0,0,0,0,0,0,0,0,0,0.2,0,0,0,0,0,0,0,2.6,0,0,0.1,0,0,0,0,0,0,2,0,0,0,0,0,0,0,0,0,0,0,0,0,0,0,3.4,0,0,0,0,0,0,0,0,0,0,0,0,0,0,0,0,0,0,0,0,0,0,0,0,0,0,0,0,0,0,0,0,0,0,0,0,0,0,0,0,0,0,0,0,0,0,0,0,0,0,0,0,0,0,0,0,0,0,0,0,0,0,0,0,0,0,0,0,0
"79","QUA003_2022",4.5,0,0,0,1.44,0,0,0.6,0.2,0,0,0,0,0,0,0,0,0,0,0,0,0,0,0,0,0,0,0,0,0,0.04,0,0,0,0,0,0,0,21.2,0,0,0.02,0,0,0,0,0,0,0.04,0,0,0,0,0,0,0,0,0,0,7.4,0.4,0,7,0,20.8,0,0,0,0,0,0,0,0,0,0,0,0,0,0,0,0,0,0,0,0,0,0,0,0,0,0,0,0,0,0,0,0,0,0,0,0,0,0,0,0,0,0,0.2,0,0,0,0,0,0,0,0,0,0,0,0,0,0,0,0,0,0,0,0,0,0,0,0,0,0
"80","QUA004_2021",0,0,0.8,0,0,0,0,0,0,0,0,0,0,0,0,0,0,0,0.1,0,0,0,0,0,0,0,0,0,0,0,0,0,0,0,0,0,0,0,0,0,0,0,0,0,0,0.2,0,0,0,0,0,0,0,0,0,0,0,0,0,0,0.2,0,0,0,0,0,0,0,0,0,0,0,0,0,0,0,0,0,0,0,0,0,0,0,0,0,0,0,0,0,0,0,0,0,0,0,0,0,0,0,0,0,0,0,0,0,0,0,0.4,0,0,0,0,0,0,0,0,0,0,0,0,0,0,0,0,0,0,0,0,0,0,0,0,0
"81","QUA004_2022",11,0,8.04,0,2.02,0,0.7,0,0,0,0,0,0,0,0,0,0,0.02,0.04,0,0,0,0,1,0,0,0,0,0,0,0,0,0,0,0,0,0.02,0,0,0,0.02,0,0,0,0,0,0,5,0,0,0,0,0,0,0,0,0,0,0,0,0.02,0,0,0,0,0,0,0,0,0,0,0,0,0,0,0,0,0,2,0,0,0,0,0,0,0,0,0,0,0,0,0,0,0,0,0,0,0,0,0,0,0,0,0,0,0,0,0,7,0,0,0,0,0,0,0,0,0,0,0,0,0,0,0,0,0,0,0,0,0,0,0,0,0
"82","QUA005_2021",0,0,2.4,0,1.6,1,0,0,0,0,0,0.6,0,0,0,0,0,0,0.2,1,0,0,0,0,0,0,0,0,0,0,0,0,0,0,0,0,0,0,0,0,0,0,0,0,0,0.02,0,0,0,0,0,0,0,0,0,0.02,0,0,0,0,1.2,0,1,0,0,0,0,0,0,0,0,0,0,0,0,0,0,0,0,0,0,0,0,0,0,0,0,0,0,0,0,0,0,0,0,0,0,0,0,0,0,0,0,0,0,0,0,0,0,0,0,0,0,0,0,0,0,0,0,0,0,0,0,0,0,0,0,0,0,0,0,0,0,0
"83","QUA005_2022",10.2,0.06,2,0,20.2,8,0,0,0.04,0,0,7.2,0,0,0,0,0,0,1.55,0,0,0,0,0,0,0,0,0,0,0,0,0,0,0,0,0,0,0,0,0,0.1,0,0,0,0,0.06,0,0,0.4,0,0,0,0,0,0,0,0,0,0,6,0.4,2.08,3,0,0,0,0,0,0,0,0,0,0,0,0,0,0,0,0,0,0,0,0,0,0,0,0,0,0,0,0,0,0,0,0,0,0,0,0,0,0,0,0,0,0,0,0,0,0.02,0,0,0,0,0,0,0,0,0,0,0,0,0,0,0,0,0,0,0,0,0,0,0,0,0
"84","QUA006_2021",0,0,0.4,0,1.9,0,0,0,0,0,0,0,0,0,0,0,0,0,0.1,0,0,0,0,0,0,0,0,0,0,0,0,0,0,0,0,0,0,0,0,0,0,0.1,0,0,0,0,0,0,0,0,0,0,0,0,0,0,0,0,0,0,0.2,0,0,0,0,0,0,0,0,0,0,0,0,0,0,0,0,0,0,0,0,0,0,0,0,0,0,0,0,0,0,0,0,0,0,0,0,0,0,0,0,0,0,0,0,0,0,0,0,0,0,0,0,0,0,0,0,0,0,0,0,0,0,0,0,0,0,0,0,0.02,0,0,0,0
"85","QUA006_2022",0.2,0,2.02,0,42,0,0,0,1,0,0,0,0,0,0,0,0,0,0,0,0,0,0,0,0,0,0,0.8,0,0,0,0,0,0,0,0,0,0,0,0,0,1.1,0,0,0,0.9,0,0,0.02,0,0,0,0,0,0,0,0,0,0,1.2,0.6,0.6,3,0,0,0,0,0,0,0,0,0,0,0,0,0,0,0,0,0,0,0,0,0,0,0,0,0,0,0,0,0,0,0,0,0,0,0,0,0,0,0,0,0,0,0,0,0,0.2,0,0,0,0,0,0,0,0,0,0,0,0,0,0,0,0,0,0,0,0,0,0,0,0,0
"86","QUA008_2021",0.6,0,1,0,0,0,0,0,0.4,0,0,0,0,0,0,0,0,0,0,0,0,0,0,0,0,0,0,0,0,0,0,0,0,0,0,0,0,0,1.6,0,0,0,0,0,0,0,0,0,0,0,0,0,0,0,0,0,0,0,0,0,0.4,0,0,0,0,0,0,0,0,0,0,0,0,0,0,0,0,0,0,0,0,0,0,0,0,0,0,0,0,0,0,0,0,0,0,0,0,0,0,0,0,0,0,0,0,0,0,0,0,0,0,0,0,0,0,0,0,0,0,0,0,0,0,0,0,0,0,0,0,0,0,0,0,0
"87","QUA008_2022",10.4,0,0.22,0.6,6.2,0,0,0,0,0,0,0,0,0,0,0,0,0,0,0,0,0,0,0,0,0,0,0,0,0,0,0,0,0,0,0,0,0,26,0,0,0,0,0,0,0,0,0,0,0,0,0,0,0,0,0,0,0,0,1.8,0,0,0.2,0,0,0,0,0,0,0,0,0,0,0,0,0,0,0,0,0,0,0,0,0,0,0,0,0,0,0,0,0,0,0,0,0,0,0,0,0,0,0,0,0,0,0,0,0,0,0,0,0,0,0,0,0,0,0,0,0,0,0,0,0,0,0,0,0,0,0,0,0,0,0
"88","QUA009_2021",0.8,0,5.4,0,0,0,0,0,0,0,0,0,0,0,0,0,0,0,0,0,0,0,0,0,0,0,0,0,0,0,0,0,0,0,0,0,0,0,0,0,0,0,0,0,0,0,0,0,0,0,0,0,0,0,0,0,0,0,0,0,0.4,0,0,0,1.8,0,0,0,0,0,0,0,0,0,0,0,0,0,0,0,0,0,0,0,0,0,0,0,0,0,0,0,0,0,0,0,0,0,0,0,0,0,0,0,0,0,0,0,0,0,0,0,0,0,0,0,0,0,0,0,0,0,0,0,0,0,0,0,0,0,0,0,0,0
"89","QUA009_2022",20.7,0,9.22,0,9.3,0,0,0,0,0,0,0,0,0,0,0,0,0,0,0,0,0,0,0,0,0,0,0,0,0,0,0,0,0,0,0,0,0,6,0,0,0,0,0,0,0,0,0,0,0,0,0,0,0,0,0,0,0,0,0,0,0,2,0,15.2,0,0,0,0,0,0,0,0,0,0,0,0,0,0,0,0,0,0,0,0,0,0,0,0,0,0,0,0,0,0,0,0,0,0,0,0,0,0,0,0,0,0,0,0,0,0,0,0,0,0,0,0,0,0,0,0,0,0,0,0,0,0,0,0,0,0,0,0,0
"90","QUA010_2021",0.4,0,0.6,0,1.1,0,0,0,0,0,0,0,0,0,0,0,0,0,0,0,0,0,0,0,0,0,0,0,0,0,0,0,0,0,0,0,0,0,4.8,0,0,3.5,0,0,0,0,0,0,0,0,0,0,0,0,0,0,0,0,0,0,1.1,0,0,0,8.4,0,0,0,0,0,0,0,0,0,0,0,0,0,0,0,0,0,0,0,0,0,0,0,0,0,0,0,0,0,0,0,0,0,0,0,0,0,0,0,0,0,0,0,0,0,0,0,0,0,0,0,0,0,0,0,0,0,0,0,0,0,0,0,0,0,0,0,0,0
"91","QUA010_2022",5.04,0,2.42,0,0.06,0,0,0,0,0,0,0,0,0,0,0,0,0,0,0,0,0,0,0,0,0,0,0,0,0,0,0,0,0,0,0,0,0,9.4,0,0,7.2,0,0,0,0,0,0,0.02,0,0,0,0,0,0,0,0,0,0,0,0.18,0.02,0,0,14.2,0,0,0,0,0,0,0,0,0,0,0,0,0,0,0,0,0,0,0,0,0,0,0,0,0,0,0,0,0,0,0,0,0,0,0,0,0,0,0,0,0,0,0,0,0,0,0,0,0,0,0,0,0,0,0,0,0,0,0,0,0,0,0,0,0,0,0,0,0
"92","QUA011_2021",0.2,0,0,0,0,0,0,0,0,0,0,0,0,0,0,0,0,0,0,0,0,0,0,0,0,0,0,0,0,0,0,0,0,0,0,0,0,0,0.1,0,0,0,0,0,0,0,0.3,0,0,0,0,0,0,0,0.2,0,0,0,0,0,0,0,0,0,0,0,0,0,0,0,0,0,0,0,0,0,0,0,0,0,0,0,0,0,0,0,0,0,0,0,0,0,0,0,0,0,0,0,0,0,0,0,0,0,0,0,0,0,0,0,0,0,0,0,0,0,0,0,0,0,0,0,0,0,0,0,0,0,0,0,0,0,0,0
"93","QUA011_2022",2.02,0,18.2,0,18.6,0,0,0.1,0,0,0,0,0,0,0,0,0,0.28,0,0,0,0,0,0,0,0,0,0,0,0,0,0,0,0,0,0,0,0,33,0,0,0,0,0,0,1.2,0,0,0,0,0,0,0,0,1.82,0,0,0,0,1.2,0,0.02,0.8,0,0,0,0,0,0,0,0,0,0,0,0,0,0,0,0,0,0,0,0,0,0,0,0,0,0,0,0,0,0,0,0,0,0,0,0,0,0,0,0,0,0,0,0,0,0,0,0,0,0,0,0,0,0,0,0,0,0,0,0,0,0,0,0,0,0,0,0,0,0,0
"94","QUA015_2021",1.3,0,2.2,0,0,0,0.6,0,0,0,0,0,0,0,0,0.02,0,0,0,0,0,0,0,0,0,0,0,0.02,0,0,0,0,0,0,0,0,0,0,1,0,0,0,0,0,0,0,1.5,0,0,0,0,0,0,0,0,0,0,0,0,0,0,0,0,0,0,0,0,0,0,0,0,0,0,0,0,0,0,0,0.02,0,0,0,0,0,0,0,0,0,0,0,0,0,0,0,0,0,0,0,0,0,0,0,0,0,0,0,0,0,0,0,0.02,0,0,0,0,0,0,0,0,0,0,0,0,0,0,0,0,0,0,0,0,0,0,0
"95","QUA015_2022",6.42,0,1.62,0,11.8,2.4,0.4,0,0,0,0,0,0,0,0,0,0,0.1,0,0,0.02,0,0,0,0,0,0,0,0,0,0,0,0,0,0,0,0,0,0.1,0,0.4,0,0,0,0,0,0.1,0,0,0,0,0,0,0,0,0,0,0,0,0,0,0,4.4,0,0.2,0,0,0,0,0,0,0,0,0,0,0,0,0,0.6,0,0,0,0,0,0,0,0,0,0,0,0,0,0,0,0,0,0,0,0,0,0,0,0,0,0,0,0,0,0,0,0,0,0,0,0,0,0,0,0,0,0,0,0,0,0,0,0,0,0,0,0.1,0,0,0
"96","QUA016_2021",0,0,0,0,0,0,0,0,0,0,0,0,0,0,0,0,0,0,0,0,0,0,0.04,0,0,0,0,0,0,0,0,0,0,0,0,0,0,0,0.2,0.5,1.4,0,0,0,0,0,0.8,0,0,0,0,0,0,0,0,0,0,0,0,0,0,0,0,0,0,0,0,0,0,0,0,0,0,0,0,0,0,0,0,0,0,0,0,0,0,0,0,0,0,0,0,0,0,0,0,0,0,0,0,0,0,0,0,0,0,0,0,0,0,0,0,0,0,0,0,0,0,0,0,0,0,0,0,0,0,0,0,0,0,0,0,0,0,0
"97","QUA016_2022",0,0,1,0,3.81,0,0.1,0.8,0,0,0,0,0,0,0,0,0,0.2,0,0,0.02,0,0,0,0,0,0,0.8,0,0,0,0,0,0,0,0,0,0,5.2,3.1,0.06,0,0,0,0,4,0.04,0,0,0,0,0,0,0,0,0.31,0,0,0,0,0,0.02,0.8,0,0,0,0,0,0,0,0,0,0,0,0,0,0,0,0,0,0,0,0,0,0.3,0,0,0,0,0,0,0,0,0,0,0,0,0,0,0,0,0,0,0,0,0,0,0,0,0,0,0,0,0,0,0,0,0,0,0,0,0,0,0,0,0,0,0,0,0,3.8,0,0,0
"98","QUA020_2021",0.02,0,4,0,0,0,0,0,0,0,0,0,0,0,0,0,0,0.06,0.02,0,0,0,0.02,0,0.1,0,0,0,0,0,0,0,0,0,0,0,0,0,0.64,0,0.04,0,0,0.02,0,0,1.42,0,0,0,0,0,0,0,0,0,0,0,0,0,0,0,0,0,0,0,0,0,0,0,0,0,0,0,0,0,0,0,0.24,0,0,0,0,0,0,0,0,0,0,0,0,0,0,0,0,0,0,0,0,0,0,0,0,0,0,0,0,0,0,0,0.02,0,0,0,0,0,0,0,0,0,0,0,0,0,0,0,0,0,0,0,0,0,0,0
"99","QUA020_2022",1.2,0,6.1,0,4.1,0,0,0.02,0,0,0,0,0.9,0,0,0,0,0.1,0,0,0,0,0.04,0,0,0.1,0,0,0,0,0,0,0,0,0,0,0,0,7.1,0,0.1,0,0,0,0,0,0,0.2,0,0,0,0,0,0,0,0.2,0,0,0,0,0,0,0,0,0,0,0,0,0,0,0,0.4,0,0,0,0,0,0,1.3,0,0,0,0,0,0,0,0,0,0,0,0,0,0,0,0,0,0,0,0,0,0,0,0,0,0,0,0,0,0,0,0,0,0,0,0,0,0,0,0,0,0,0,0,0,0,0,0,0,0,0,0,0,0,0
"100","QUA021_2021",0,0,0.04,0,0,0,0,0,0,0,0,0,0,0,0,0,0,0,0,0,0,0,0.02,0,0.3,0,0,0.42,0,0,0,0,0,0,0,0,0,0,5.32,0.22,2.5,0,0,0,0,0.4,1.1,0,0,0.02,0.12,0,0,0,0.092,0.04,0,0,0,0,0,0,0,0,0,0,0,0,0,0,0,0,0,0,0,0,0,0,0.14,0,0,0,0,0,0,0,0,0,0,0,0,0,0,0,0,0,0,0,0,0,0,0,0,0,0,0,0,0,0,0,0,0,0,0,0,0,0,0,0,0,0,0,0,0,0,0,0,0,0,0,0,0.2,0.2,0
"101","QUA021_2022",0,0,0.1,0,5.1,0,0,1.7,0,0,0,0,0,0,0,0,0,0,0.42,0,0,0,0.1,0,0,0,0,3.5,0,0,0,0,0,0,0,0,0,0,14.4,13.62,0,0,0,0,0,2,0.5,1,0,0.4,0,0,9,0,0,3.2,0,0,0,0,0,0.02,0.04,0,0,0,0,0,0,0,0,0,0,0,0,0,0,0,0.8,0,0,0,0,0,0,0,0,0,0,0,0,0,0,0,0,0,0,0,0,0,0,0,0,0,0,0,0,0,0,0,0,0,0,0,0,0,0,0,0,0,0,0,0,0,0,0,0,0,0,0,0,0,0,0.3
"102","QUA022_2021",0,0,0,0,0.02,0,0,0,0,0,0,0.2,0.8,0,0,0,0,0,0,0,0,0,0,0,0,0,0,0.02,0.8,0,0,0,0,0,0,0,0,0,0,0,0,0,0,0,0,0,0.2,0,0,0,0,0,0,0,0,0,0,0,0,0,0,0,0,0,0,0,0,0,0,0,0,0,0,0,0,0,0,0,0,0,0,0,0,0,0,0,0,0,0,0,0,0,0,0,0,0,0,0,0,0,0,0,0,0,0,0,0,0,0,0,0,0,0,0,0,0,0,0,0,0,0,0,0,0,0,0,0,0,0,0,0,0,0,0
"103","QUA022_2022",0,0,4,0,18.4,0,0.6,0,0,0,0,0,3,0,0,0,0,0,0,0,0,0,0,0,0,0,0,0,2.4,0,0,0,0,0,0,0,0,0,1.4,0,0,0,0,0,0,0,0,0,0,0,0,0,0,0,0,0,0,0,0,0,0,0.32,0,0,0,0,0,0,0,0,0,0.66,0,0,0,0,0,0,0,0,0,0,0,0,0,0,0,0,0,0,0,0,0,0,0,0,0,0,0,0,0,0,0,0,0,0,0,0,0,0,0,0,0,0,0,0,0,0,0,0,0,0,0,0,0,0,0,0,0,0,0,0,0,0
"104","QUA024_2022",2,0,4,0,4.8,0,0.06,0,0,0,0,0,0,0,0,0,3,0,0.22,0,0,0,0,0,0,0,0,0.02,0,0,0,0,0,0,0,0,0,0,20.04,2.8,0.42,0,0,1,0.4,0,0.1,0.04,0,0,0,0,0,0,0.4,0.2,0,0,0,0,0.08,0.8,0.2,0,9.8,0,0,0,0,0,0,0,0,0,0,0,0,0,0,0,0,0,0,0,0,0,0,0,0,0,0,0,0,0,0,0,0,0,0,0,0,0,0,0,0,0,0,0,0,0,0,0,0,0,0,0,0,0,0,0,0,0,0,0,0,0,0,0,0,0,0,0,0,0
"105","QUA025_2022",2.2,0,1.7,0,13,0,0,0,0,0,0,0,0,0,0,0,0,0,1,0,0,0,0,0,0,0,0,0.8,0,0,0,0,0,0,0,0,0,0,20.2,0,0,0,0,0,0,1,0.2,0,0,0,0,0,0,0,0,0,0,0,0,0,0,0,2.2,0,6.5,0,0,0,0,0,0,0,0,0,0,0,0,0,0,0.2,0,0,0,0,0,0,0,0,0,0,0,0,0,0,0,0,0,0,0,0,0,0,0,0,0,0,0,0,0,0,0,0,0,0,0,0,0,0,0,0,0,0,0,0,0,0,0,0,0,0,0,0,0,0
